-- phpMyAdmin SQL Dump
-- version 5.0.2
-- https://www.phpmyadmin.net/
--
-- Host: 127.0.0.1:3306
-- Generation Time: May 19, 2021 at 08:54 AM
-- Server version: 8.0.21
-- PHP Version: 7.3.21

SET SQL_MODE = "NO_AUTO_VALUE_ON_ZERO";
START TRANSACTION;
SET time_zone = "+00:00";


/*!40101 SET @OLD_CHARACTER_SET_CLIENT=@@CHARACTER_SET_CLIENT */;
/*!40101 SET @OLD_CHARACTER_SET_RESULTS=@@CHARACTER_SET_RESULTS */;
/*!40101 SET @OLD_COLLATION_CONNECTION=@@COLLATION_CONNECTION */;
/*!40101 SET NAMES utf8mb4 */;

--
-- Database: `projet`
--

-- --------------------------------------------------------

--
-- Table structure for table `achat`
--

DROP TABLE IF EXISTS `achat`;
CREATE TABLE IF NOT EXISTS `achat` (
  `id_commande` varchar(20) NOT NULL,
  `id_produit` varchar(20) NOT NULL,
  `prix` int NOT NULL,
  `quantite` int NOT NULL,
  `nom` varchar(20) NOT NULL
) ENGINE=MyISAM DEFAULT CHARSET=latin1;

--
-- Dumping data for table `achat`
--

INSERT INTO `achat` (`id_commande`, `id_produit`, `prix`, `quantite`, `nom`) VALUES
('id-00000000', '10', 6, 3, 'PIZZA'),
('id-00000001', '10', 6, 3, 'PIZZA'),
('id-00000002', '10', 6, 3, 'PIZZA'),
('id-00000002', '10', 5, 2, 'lablebi'),
('id-40000000003', '10', 6, 3, 'PIZZA'),
('id-40000000003', '10', 5, 2, 'lablebi');

-- --------------------------------------------------------

--
-- Table structure for table `avis`
--

DROP TABLE IF EXISTS `avis`;
CREATE TABLE IF NOT EXISTS `avis` (
  `id_avis` varchar(20) NOT NULL,
  `nbetoile` int NOT NULL,
  `typeavis` varchar(20) NOT NULL,
  `avis` varchar(30) NOT NULL,
  `id_utilisateur` varchar(20) NOT NULL,
  PRIMARY KEY (`id_avis`)
) ENGINE=MyISAM DEFAULT CHARSET=latin1;

--
-- Dumping data for table `avis`
--

INSERT INTO `avis` (`id_avis`, `nbetoile`, `typeavis`, `avis`, `id_utilisateur`) VALUES
('fdaq000', 2, 'qsdqsd', 'qsd', '00000');

-- --------------------------------------------------------

--
-- Table structure for table `catalog`
--

DROP TABLE IF EXISTS `catalog`;
CREATE TABLE IF NOT EXISTS `catalog` (
  `id_catalog` varchar(20) NOT NULL,
  `nom_catalog` varchar(20) NOT NULL,
  `descr` varchar(20) NOT NULL,
  PRIMARY KEY (`id_catalog`)
) ENGINE=MyISAM DEFAULT CHARSET=latin1;

--
-- Dumping data for table `catalog`
--

INSERT INTO `catalog` (`id_catalog`, `nom_catalog`, `descr`) VALUES
('666', 'fast_food', 'fast food '),
('8888', '000', 'msi sqdaeqtr');

-- --------------------------------------------------------

--
-- Table structure for table `commande`
--

DROP TABLE IF EXISTS `commande`;
CREATE TABLE IF NOT EXISTS `commande` (
  `id_commande` varchar(20) NOT NULL,
  `id_utilisateur` varchar(20) NOT NULL,
  `id_livreur` varchar(20) NOT NULL,
  `prix` int NOT NULL,
  PRIMARY KEY (`id_commande`)
) ENGINE=MyISAM DEFAULT CHARSET=latin1;

--
-- Dumping data for table `commande`
--

INSERT INTO `commande` (`id_commande`, `id_utilisateur`, `id_livreur`, `prix`) VALUES
('15487f', 'mlp', 'fadi', 30),
('', '', '', 50),
('id4886', 'haboubi46', 'fadi', 30),
('id-40000000003', 'fadi', 'fadi', 34),
('id-00000002', 'fadi', 'fadi', 34),
('id-00000000', 'fadi', 'fadi', 24),
('id-00000001', 'fadi', 'fadi', 24);

-- --------------------------------------------------------

--
-- Table structure for table `commentaire`
--

DROP TABLE IF EXISTS `commentaire`;
CREATE TABLE IF NOT EXISTS `commentaire` (
  `id_commentaire` varchar(20) NOT NULL,
  `id_utilisateur` varchar(20) NOT NULL,
  `texte` varchar(40) NOT NULL,
  PRIMARY KEY (`id_commentaire`)
) ENGINE=MyISAM DEFAULT CHARSET=latin1;

--
-- Dumping data for table `commentaire`
--

INSERT INTO `commentaire` (`id_commentaire`, `id_utilisateur`, `texte`) VALUES
('1', '1', '1'),
('10', '1', '10'),
('qsd', 'haboubi46', 'qsd'),
('468', 'mlp', 'qsdqsdazdaqsd'),
('758587', '76868', '876768');

-- --------------------------------------------------------

--
-- Table structure for table `livraison`
--

DROP TABLE IF EXISTS `livraison`;
CREATE TABLE IF NOT EXISTS `livraison` (
  `id_commande` varchar(20) NOT NULL,
  `id_livreur` varchar(20) NOT NULL,
  `id_livraison` varchar(20) NOT NULL,
  `adresse` varchar(20) NOT NULL,
  PRIMARY KEY (`id_livraison`)
) ENGINE=MyISAM DEFAULT CHARSET=latin1;

--
-- Dumping data for table `livraison`
--

INSERT INTO `livraison` (`id_commande`, `id_livreur`, `id_livraison`, `adresse`) VALUES
('id-00000001', 'fadi', 'liv-00000001', 'beja beja 488 beja'),
('id-00000000', 'fadi', 'liv-00000000', 'beja beja 488 beja'),
('id-00000002', 'fadi', 'liv-75600000002', 'beja10185'),
('id-40000000003', 'fadi', 'liv-31500000003', 'beja10185');

-- --------------------------------------------------------

--
-- Table structure for table `produit`
--

DROP TABLE IF EXISTS `produit`;
CREATE TABLE IF NOT EXISTS `produit` (
  `id_produit` varchar(20) NOT NULL,
  `quantite` int NOT NULL,
  `prix` int NOT NULL,
  `img` blob NOT NULL,
  `descriptio` varchar(40) NOT NULL,
  `id_categorie` varchar(20) NOT NULL,
  `nom` varchar(20) NOT NULL
) ENGINE=MyISAM DEFAULT CHARSET=latin1;

--
-- Dumping data for table `produit`
--

INSERT INTO `produit` (`id_produit`, `quantite`, `prix`, `img`, `descriptio`, `id_categorie`, `nom`) VALUES
('421', 50, 3, 0xffd8ffe000104a46494600010100000100010000ffdb0084000a0708141514181415141919181a1b1a181b1b18181b18181a1c1b191b1a1a1b1b191b212d241b1d2a2321182537252a2e313434341b233a3f3a333e2d333431010b0b0b100f101f12121f332a242a3533353333333333333333333333333333333335333333333333333333333333333333333333333333333333333333333333ffc000110800a8012c03012200021101031101ffc4001c0000010501010100000000000000000000040002030506010708ffc4003d10000201030302040404050205040300000102110003210412310541062251611371819132a1b1f01442c1d1e152f107152362722433829216a2c2ffc400190100030101010000000000000000000000010203000405ffc40027110002020202010402020300000000000000010211032112314104135161223281a14271b1ffda000c03010002110311003f00f2802ba29bba96eac5075762b81abbba818515c35d9a6b5631d9ae4d36ba2b18706aeeea6c5740ac61ca69f518a7034a38eaed7291ac61135cae4520b44c38570bd48a9575d1bc29a9d49f2a144920dc710a239c724fca96524bb0a8b7d00e8fa3dcb801f513b54166dbfea81c0a2fa9786af5ab66e6c62a04b1c607a9038af5557d3e96ca8dcb21428811b8a88cfb5752eade45f86558112c27ca639911c4d71bf532bd2d1d7ec478fd9e3bd0341f1b5096f905812399032462bda2f74cb68147c359fe51b40008f68e6a5d074dd3da22e8b688d246e550327988147a066bc7baa2e71fccdc67e553cd939b541c71e0980dbb762dcfc3b6033b02c000ad3dd8fad3f51afb61f635c44dbcef655c7b4f353752d392a4a4ccff002896fa63e558fe91a5376f38bb6a12daf9cb893f109042f704c493cf6a9c6376d8f6bc075ed597bc16d5d27324200c0faf9a7028c4d0b9b82e12c2220f98933ca9030071eb597f15f4871b35364ec0479942981b0e4a90237738ef0335bcd320f86855cb2950774c96900824c56704a29a61e7baa0308371501558f6ccc0e71c50ae9b5c4aca832d3c646080288d3aa8b877b0df18004609fc5c64f1f6a92eaca43b43e4120463b44e388a9d0f656f5e36ad8563923220fae0c8e2b29792d6a6dbee50082601c1889f2b464d5cf54d2dd0accd68b2aaaeccc3377610b31f5f5aa6d3f53b775585b409714c1006e6198986c4fb1f7ab638bab40935d3307d4344f6988652049827b8ed31c1a08d6a75dab0eee972dc8604831e6c03e8606447dab33712091e95e963936b679b960a2f432b95d35caa923948d2a468986d2aed72b009a6ba29b4ea013b5d9a6d2a011dba94d36bb58c2aecd72ba2b1870aecd3695030f14e151834e0d406b2415d02981a9fba8191d029cb4c15b3f08f44b7e5d45f2bb246c43993301980ed3c0a4c935056ca638393a458784fc2aa81355a8f67b76ce0023219e7ee056a0db7776dfb8a28040985249980bdfb5177354cc36db009e0491106473f4fce81eada3bf710a25ed8441850403dc8673998f418f4af3e5925295b3ba305154663c51aa7bd7d2d22ab6d07e25b765540a208e488ff0022b51e1bd0d8d25967550bbe0b286de14f1824991ef59ae87d0779372f916ecabb2ec0c435db8ac165dc892a4cc7afb0c56c1cdb41bb6ee2d1e5893f9f3dfd29a72514a298231e4ed82752eaca6d84162e3771b3813c16320f315a366664da095c431523703030307359ad36a864a5b0892b925bf97d94f6f4efdfbd5dd84dea476c10e4fe3ef3fbf5c54d7d0651f925d2290c5a49dc323708041c180627dc548e01041919e4477edf3a952c880770c48f28389c01f491fe2b31a8ebaf6d6f25c4d8e1f6acedfc00280ed1c13d87268a4c454de83fa9f440eb01b71130ac76a99ed238931260d4ba34b8b6c7c444df2142a925401810d19ef59dd3f8b63fe99556776c177da3cc60088c0e07fbd5bdcd5b33aed25415330642e0c34f1f23ea684ee2a9a1926df677aaa3060d6edf9dc842f81b464fdbfbd3069820f897ae4adb569dc47e23110464467e7343751d7afc44b2ca4152ac30cc1b1dd8089e724d437b536df76e62c872447fa3200c7a82669115a745ddf74f861846c2244124673cf7ac7ea52db1b9ba5771fc486370da4fa73f8bdbef4eea9d6916d9b62e295552a02b169f4c9ccc4f22b0fd63a939860c064401881041f97a455b1e36de89ce6a31d9cd4d9446665731b5800c4063dc1f9f33f4f5acedc7924d11a9d4ee11fbf950a6bd2c70696cf3b2cd49e846952ae4d5498a91a535cac0394a9576b18962bb44fc2a6fc2a5b1a882bb1440b35df835ac340d15da2d74f5c6b142cd4094a89f814be01a360a07aecd4a6c9a5f0ab68c4535d1527c134f4d3934341d90814e068f4d0b7a5397404f6a5e486e2c0ed9cf15ea5e1bd425eb5f176ec5b60838004a4301b8f223f5af38bba52bc8af48f07b5b7d2a20505549f88afc3364891c1c9539f4ae5f554e3674fa66d3a3541584bb2a0621636ccc40f51833bb154fd7bae7c0b0f7555a7c8104417663d9791039247a558ea3517329b5598f9805267686892bfe9ae6ab442f1d843aaed80ca4ab79a4111c30ef045722ed59d3e34663c3d6355a92977508c90ece9b9cac861802d91339c1c63f3678c6e5fdcb66d597f3ee076824bf18620600ce0c0ad12036ae5df89795d1506d0561d41c282e0c4fe2c40f5ef4ed5f510aa0895453b7749ec08962724e3939a7552969017248cd750b5a8fe153ff0046eae8bb48b3b9892089276f66049fe68fceb53e1dd16a16dafc455b783e592ce019393c03313f2aa1d278cddda0302a2e5b55dcbb1d95cc3f7db89c4c4fb62b642f3327c4da15a0c79a447624c7cab4e34b685e4df92b2ce9af8cda3ebbcdc2567b6140c1047d88aa4ea9e14170b5c7bd71dd89720150a480422f72a00113df9ad25ed438852cb111201254c49639c8e0447f8edcb8c48e20c1919c02727d3b54e391c7a1f8dbd9e79e19f0c5cbcc6e6a5182a101119bccc464c81fca076913ef15abd2d922e152cebc1001802380563f0e3dbbfad2d3f534b68edba00765008db26608122499c550f55f10a22ffd3059a33ba70483dc924fca9a53964906318c53b0beabd4eda5edb0cc15376d54da4950442b7f376ef8838ac5f58eb6f72e3aab3220950010644f2c41fc47bc50dacd435c70e584c3021b2a770c794823bf26a0d2f4f06db42824c4b112040fe527bcfeb5d58f1452b7d9cd3cadba446ae766e39ed3d8fda82d4cb99edfbfca8e5d1ed11cc7ad236eaf1493b39e4db5455b5aa66cab7fe181a8df4a2a9c89f165594a61b7564da5a81ec9f4a6e40680fe1d2db44fc3a5f0e8d828176d2db451b75cf855acd45b9b35cf8146aa535aa365a817e1d392c51896aa454141b1944196c52fe1bda8b240a6fc4a16c6a442ba4ae9d28f4a955c9a26da135acdc515ada4f6a4343ed576b67b51274b8a1ccdc0cf2e868bd374fcf1579a3e9c58f1476a7a6bdb00aa4d4a796b43c31d95274800e29a6d85185abf536d141b91b8f6f4a3ba7696dacb100cd45e52ded98dbfd26edc5916f9e2afbc37d0aee9edbdcb8cb214f9067b724f62335add15a91ba23d3e5516b35168b3da552efb65910798e312640a49e5935418c1276509eb2519fe2ab0709e5c91ee047b9fbc55aeafa98b6a5a5881d960b113079e23ff00e6abb5fe11f8a8193723ed1b46ec20e61a4f324f13c0af37ea7d56ed9b8d65d83ec250b0119c8659f5e6b43139ba4cd2c918ed9a1b7d4ee5fb972ddb09e6dcc374824a9dd3bb33c1e719aaeea9d56e321d3a024c99551b8b1c83131303063140743eb0897c5c83b823c9da5d98b2c6dc7027bfa4e734b51e21058ba0446e25540278804f302ba6107174912964528db6423457926e93b2d968f31f3001b04aacf04033f2adaf51eaf7ad69ad9da7f10db9ff00dc0ab25ced63b570c7938ec3b656cf8aa1c3b2abb2aed0c47e11dc639ff7aeea3c6d74ced3180abb47e103d271fef5a719c9ab4084e315d9b2bbd652ddb5baefbdd943424ee208f2af033f867023354d7bc4771edbf9ca8630083fe907008cc9fe958dd475eb8efbda4b444931da2821ae70085c0e7327279e6b47d2f962cbd57c1a7bbd436f966473f8b77ce48fde6aab53d4c1c0327dbdc554f9df93cfae29aa84188cf6f9d5e1862bb232cd2611fc49dd2460762267e73cd12babb872098f41fda83b69b9b6b083efebf2a26c8c9520e3181da69e49089b0cb1aa73823ef1469b608aab08a1d7243723b8335620998c631820fe95393a7a2b157d9c36cd7361ab3d243822208e6a3bfa78a2a41712bce39a858cf6a35ad134934fed46c4a00363daa3f8556ae9150b5baca46712b8dba7fc3a96f2545f1288a5ac4d3d2c1a56c453af5cdb4850793b6a23741a1defcd11a7b789a341b3ab6e7bd4c9a5a6dc047146e86ccf3cd2b7432436c690938ab14d240a942041ea6a4d2235c6daa0cf38a93958c950b4fa50324576e38e2a4d53ba60afb66a5d3e9cb89f8734a30474e6102b4969372d66f4ca78da447b558e835fe716dbf14123e43935cf922dbb2b074a883a978705e690fb4770324d15d1b416eca2db662c498963466bb52d6adef09bc6f45804cc3b059c03c4cfd28cb9a54246e5dd1de31f4f79a16e8ceacacd23addb8e9e6516fc8b048cb48dc3b48008ef561a1e9f6adb3ba0dacf009ce63d49e4c9a16ee81ed29ba1cbcb07c2e607d7cc79ff007aaeb3e23b17035c666010ed00ae040c9047260fdb9a54a985be4b4f45bff002e335d677204aaa330f8624e58858dd3c412463d6b3fadf09682ca3dd7b41fcdbd892c4739daa5b039f5a3f4bd6433bb400884a2282416780cc623204c7ce688bba94bcaf6ded901809dc576b024cc152476cd32935d3a15c5defa2afa2f8634cb68ddb36c21ba264cb1553d964e14e0c089c552751ff0087220ecb9bbca2158012d813230300ff0078adc275042e5430811020e7046d19c0060f14e4d4be4b15dc64aa2cec55538dce04ee208e607a0c1aa472c93b4c470f1479274ef04dd171be35a2883897433024880493f613f9506be1f5bf71ede9d408248772e8a04085323cad33f38ade75ad2a6db576e5e740cc11c152c4a923714ef31ba58cce31c51afafd3580b6ed8f2adb77f2798c06039264b3163cccfd33559a6f7e40f14568f3b1e00d4acee28dda54b11f4319a2751e0ef86a8a1999da372aae16464c9edc66bd36cdc560b2079c06e22246148e646398a8d6e2fe2f2cc4920f3e87fc769a9cbd464f2347043e0c2693c119dc5a00f69fd9f6aa7d7f4cb4bbb610fb7820c4c1c899e46718af56fe204ed8041ed8833806bcefaaeaff00f5d71558382a5194e761595da31e8071fea34f8a739376c5c90847a467aee909da761dd3863c8cf78ec2aeec78797c970b65bf9b381f7e6a5b77ad6f5172ea8eca8a20ee00618f61338e248ad31bc4d96dc88a41279dc79f2fd62738e28e5c924951b1e38bdb323afd1a7c40c98658076fe061c70720ff006aab4d07c32cbba7320cc9e460fefbd68353a927da4fd80118a0b4ba4b979f65b12782483b5579927e75a12935419c629d8de95722e38271b473eb3fef56372dab70687d7f871ed9003c9ee789f90a0ec69eedb7ef155e3f64f97d063e9e334b603461e2ab2f3b29e28ad81e89df4f3430b2260d4d6f582335c770722b2b46d00eab4c638aaa7b59ad16e911405cb0669d326e210ec3eb415c938a292dee39a9ede94032735ae8356416348409a2d001cd4fbbb454b62d6f3004fca91b1d44156dee6f6ab7b1a7dabbaac745d20a00c5449e37600ab1b3a46bac6dca11dc29123dc52b4d8552335be7304d6cbc31a3db6cdc2327d68de93d2adda942a0f72c7bfd7b55b5cd7a229d8ab0a327851e83de95d47b60949bd2455ded1a3e5941f407bd36ca1b6e14aa043001060cfc89e3b7d687d57585ddb8329609bc2ee130c60314066237408279f4ac8eafc426fa93764aa13ff4d372306024167c600338f5a9dc9bbf03a8ea99e942caff00a47daa8fadf48b574cb8803f1412a5bbed24676f7f7814df0775e1a8b7b5832ba1821d812c0f055a65bde7227d228cd505373cc04824007dfbc7ac015b336a3a0615f96cabe99d7ad35f4b29bc825c0c63f0c899cc60c1357b7ef32e546e5cf03747b477ef55ed7d83f92d926049000c03812791ce268ad4dd62a1558a9dc25962409f43c0e3f3ae64f5a3a251dd9cd06b9ae216d85624153307b023d3e5ce6b33d77a1da36c1561a75490e40dc8ca70034f633ce4e6b61add7dab63ccc24e633e9ed547e2ce98fa8d2ba2bb06203008a76c820856123703047d6631544b7d93bf34798ebbc5b76d3dcb402112577aa9591993b0c883315db5e350b6f628231b64824fa4f3e9fa55e785fc0609f89ad40a910b6cb10ccc4ff3434851c7b923d326789fc23a775dba7b07e2600652422f600826231da2aede14d26858bcaeda656ffcded5c702d3c13002c31f2c804ee03d33de63b53acebeeadcf314544dd2cadbdd8464a830791e9daa2bff00f0b82a49d49040124a82bf4c831342deff0087aff09eea5f2db49218e15e0493824c4c89a5e38bc3fe86f73256d7f615aa46d65cb6e6f2a593b802e543058532aa4fe26f3723d4fa4f5fa0b2b35c5bcb736c1b72fe761c00d2444429c7cbdaaaf41e09ea37515d9c206036877258ac488024447027ed43f50f0c750b56d9d8c81c856131edebf21f9d37149d292179dab69975d0def5b644d4342b07bca03ed50c0ec6dee4c9989014c4b4f7157b6bacd964117502c801733cc405f413cfe75e50fa8bca42b133db77cf9fb83f6a8efeb6e16e60c0e31daa92f4ce6edb26b3a8ae8f5abfd56d32b8b773cc011b8830312086320f7ac368ec140ec03b5c7c824664924c9fce73359eb3ab7185024c76278e304d14d72f93ba60fc87acf7146385c2d581e552dd1acd258552f702a2390002d0e411c927b4fad59ddd5dcb96c5bb76ddc168251095048264920731f49fa561749d6353a62d72dbc3310096018e24e374c7d2b7be19f145cd45b22ec6f5ee3123e5eb42586ddb76159bc240da6e817ee7fee30b6b89f36e731eca63d7bd6b3a769d2cdb16d26049cc124932498026abbf8a39a75bd54f7aa2825d0b2937d92757b659495e45639fa89383db06b71bc308ac2f897486d5ddc0795ff5a3498aa4d12adf9e2a1d6b122680b7a88a2c5ddc228550d760f6a1a8b44140ef8345dbba3d68b464c736296f1e95c733516ff6ad4625b7333dbb5122e80249a6a80a22a0bcea24fefe74bd87a3b735041f2e4f7a3b47ae2a08430c70713551655a774735636f4ad6fccd03bd09683136de1ed45df8659f6b5bc93bc6718c513d11f4c2e3bdbb655d8c083bb1fd2a1d158f8fa03f088dc10023d0a39683ff0090fd2ac3a26945b540400d2b3ea3126b5d01f92c7557e17710001302467ee63d2b25d4fc596adafc3d85cf6412c189e41206238fb537c5f7dedef51748dc3f0a9da403c92c7804c803d0d62aceaaf164f84aac372177596662b04aa33104af2247dea2a3c9db29fac68374eb7b5dabdd740b0acbc4946600f957d473c9ecb8a29fa0e956e25b876562ccc43c2284224ee8932360e7b13cc501d3be236aa6edad896f73a0420e646379999220f7f6c9aa7eb5e232e5822c49e59b791c614703819a76a4dd44c9c546e4590d76974b7fe25a7b8763a94562adc10492c41c1ce23bd6b3acf53bc896efde0c9f1998842a15ed81f854824c92b07307990222bcdbc29656e6b2c236e3bae28f28248ccee3f2e7db93c57d07d43a4dabf69acdc5dc8c00f420f62a7b30ec68cf12e9ec9acbe5233bd3fa925c5856e6204f980204cc7799cd56f892cddb88ab69e198c0058896209031ec0e663d8d55eafc117f46ef7559ef5b8c3db3b6ea0127cc80f9be6b33e82ab347d46d5bb81df54ef06423ab3382222430f2889f7fb9ae5961e32b5bfe0e98654d1a5e99e1bd3ead03dfcba0d8e52e300e76a90af001c0db8ed3cd6a2e01b45b5260081249236c464f7833f4acc69fc43a775482c155f76d43331c3348931c9f6fb53ae75af22b9197860b381c8f499823ed4b2727a618a49d9a2b426013c4113c48113c7d7e75359d50171b6ced2724c812073f2acef4feacacc41756c418f26d23dc9cee9ec0466ac3fe60801fc249207b0240254fd333189a9d34369953d4fac9bec2ccaabef2a5558031b8a41939dd823f62adbc3c9a84df69ad7c2412119991c98800ed077719cfcbb555d9d22dcd78d5b5b2d6c0f24079171408665f6cc76e0f6a23c41d792dcafc450e636e6625808859cc4fd41f6a7eb4bc81efe917ba9b4896d6da0970a42337998120804b1c89889a0759a829a7594f88ea176aa0866c4ced9c80249f58e298fd552da8589da04e66727fc9aadbbe207e00004c7731e9f4a55bf0651a32daaf0fea3504dc3611555c3b955d8f7377e2182493f511f3aa6f11f87459deea0a85384398527124999ef9f4adc0eb77018dc063000819f41e9e959ef145bde9bb2486ded8e60626390318f6aeac7966a49748964c71e2fe4cf743e8fba6eb180a623d66ae353a65599c67e93de287b9d5d12d2807792b25460cc7273ea7d2a8ee6aee3b799849c85ce24fdeab529bb64ee31548675374660a271356de1fd5ada6c901488cf6aa8fe098b6e6fed345dad29681c555b49559249b7746a1ba9863e4607e4669c9ae20d52d9d36c8fd9a9d5cf1f4a309291a49a34da6d76466975bd37c6b240cb0c8f98aa6d21f7ab8d25e911cd1a01820c78e0d19a673daa7f1274f36ae171f81f23d8f7155769cfad61569863b8ae5abe28677a88b89ad46b2d05da5f1284b176a7f89ed42864c92feade60c4773491f7f2703d28237a4ed39fa7f5a9772f00fd2639f7a1435d967a14939c76ab7d3e9c3496684592cc7b0eca07727b55269ae40e4fa56992d84b206d2fbc0959ccb409209c0c1fa573e46fc16c69065deaf6ad59516995038fc6ea719c93127f2fd688e99d46ca9729a96bde60115489058e5998632604c08cfd335d7ba8ad8436b62b5cb84965077a283f857cc0ee006238f953bc39d503a5a2f6c7c42c56da86807628284a2c6d0236ac83c4fbd27b6ab90dcb745a75f0b72ddc3776125b6972de5502368c43341f4e684e91d3eddcb7f12cddb7b921402a3ca362c90dc81249ed3c63b2f10747bf7105c5642e24fc3656e402a369260989e7d668cf0df497d369e7ccd75c6e74660a8adc0023800624cc9a0f50bb1bfc92a2a753e1db971403abf31256e1da76ae09c12d2c38c0899e3141eabfe1f282852f3153f898a86fa80088fa93cd17d6b5970b8f89e471fca48dbfd8d11e1e7fe2d8e9db0110b4a48663300920633ebcd523ce31b4ffe0b28c64f685e1df0f3686eb6ac27c609b915088b801217e226d2c3773dbf093c56d345e22d4406bda42809c047dce38e54803f3a83a9e9cdbb728cc5d224ab15f42098e47cb0733557d27af1b81ad301bf2416623741c881cfaf6c545e79319608f669ee75bb772d3ec6860a64302ac306254e45785788eefc4b85c7726bd4b55d5b49f1082a85803c0c4fb37db8f4a1cf86ba6dd56da99e5b63b9284e700181c9ed54c79d27724c9cf0baa8b3c71350e87cac44715649d6af6d0189600c824e44fbc7b9fbd693c4be0eb7a72b711d9918c6d61e603fd5b80008f68fbd4977c2e2e2aaa90bc969f411f635d32cb8da4c8c714d36accde97ae6c3f8491fcdc77e63d2ac17c4c095264159ec7b81304191f73cd1facf0a80be46024e49ec2aab53e1ed809247b71ebde78a44f0c87e39625bdbf194aedddb4110c371968e0995c77e089fa0a6e93c4368069d818b860c028886985c607e9dbdf2474644b812a0fdc7f7f6a3d7a5cc11c113f7135a58b1a04724d9a1bbe21b4c659c7ff1c920124491cf26823e23413cb124c0552005cfaf278f4aad5e99fa49a953a7490769007710447a44cd2a86343739b26b9d7c90425b39c64c11da434cd0fa9d4dfba36b9213fd2b807e64e5aacf4fd3c03c49f6cf700ce3b7f5a3ad695141e09faf3e91dbfda83c918fea865094bf6667f4da000f00f1cf152f51d136c2e04324f1cfa1ad1dbb40ee952249fc406607fa41e3dabb7eda8b676e01588e39182c1b9fb52fbaf90ded478d14f6ec25b502e020c630493c081f333f6a9f4ef6dc908d3b7327d3fad1fafd397b36dee080cf0a3064309fc5db89f4a13e0a5b67b96c86108b3de08efe8479697927fec35433527cc0018c09f9fa5702118a8ecefbad30428300f73f5abdd1f4d635d38d38ad90c8ede80b4fa466fafa568741a160388ab2e9fd280e47a55dd8d281c0fdf7a77226637c43d30dcb4ca464647cc66bcdd7135eefaed202bc76fdfcebc7fc53d3be0df31f85fccbedea3fafd6b45d8afe4ab5a4126b89f7a9581c1a6310f07daa7426286734e89cc1acd0a985a59b60626627352e9d0eec09f61fd6996b3e55264e093991fbf7a3f4f6c24ac9803dfde4fcf8a9c9968a1835810796d9f7313de8fb3aabb7adb0103605388578562cbe6f4991f5a185cc411138f7cfa4fa7afb517d26db1b924908a0ce409f68ee67df11eb5371b4513a2b3abead6e4ca055104bb2e4bed9c49248300623ea29be19d78fe29085672ab0a70152172db78c9fd71e95a5bbd06d380cde609fcaef23cd1b653048e7d663e75ce97d12d5b6b8c1cabc185fc0072329181c73911ef59b518bb32b72543f5bd52f1d5a4a33208036c6d0c600dc7d2668bd4f546178a3dc116c078020331c6cdd1040998c723d2a8b58daab71714fc5076aa406f71181c77accf57d56a2e5c3b8430c30524cfccd2460a43ce5c4f68d06a92e0558565da5984068c4f2693a5bd39df6d74d695879c840ac673008026b2dd17af5bb560206e1031db2fb602865dc07633356fa97b309ba5f69de80cbcb7f2f946493526a9d0c927b26f13f57f836826e3bd8f038db3c7d8c4d6113a76baebfc64b4e88ce008190ac790a72563bd7a55eb365ee0bb78025042ab41198391300838cd37aaf5bb6a215d771217cb9da4c0131c52afc7aec6dbd19bd4740b364b3bbc4e5b780c2799040c577c3fa85b36dca5b6762c4816c16c138633c7614178b6c35d2cbf1840c950470389cf7aadf0feaaee8ae81751b6ba8182082241067d28a8b9476ff0080b693a483fc57a8bb36c5c52cc416d846e92701428e7fcd572750ba88ad76db5b5610a586dfc2723399f623bd6e5fa85b76dc48dcb046e831f231594f11817d905c82acd821a0ac0ec3b4d6834ea340927b9581ddea61f0092a0fcce4c933f7fa553f581f12218c8e470a7204cfe5571ffe206e47c3d4328c08750e233dc41fd9a73782358a3c8f69bdbccbde3dfdaba238945da642591b54cc7580d6dc82c557f9a0e1a263339e6af51a3fea5e6e76954580d0792de9ec3efe944bf8435a183bda5708242a382490d030d13f2f9569353e02774df71d11d82e3cce547f303040900f0313f7a3924b560c68c3ad9ba96ddd89057cc037311ba23be27344f4ed78201233ee447f7cff004fbe83adf49b451d11cee8d9bbf943f960b9ec1b23dbe959ad1f86f5c091f0f80796da31df8cd2c1ac916c7c89c1a2d46a401e63b548c6dcb1c7ac45566a3505ae054b80625b71dc00027b71f2f7a92ff847a8119553f27f698c8a89bc2faa0de6d2b19c4a85238ee011f7f6a68e24b762bcb7e0edbd73af9a770024ed89c7a8260d43d4baea324213ed9da73cf1c77ef563d27c25aa7226cb5b59124c0247a01fd6b73a1f085b81beda1c41951c9f9d37b714ed8ae72aa479e5dd6add44456b8d1f85159499c89c8e7b55bf4ae877ee64a7c343060924b7cebd1b4dd02d2656da29ec4200738e40f415636f46be9f97da828c502591b32ba3e82044f988f68abdd2f4b039156c9a71e953aa0fdfeff734d64dc812de9401fbfdff00b54ea9edfbfdfe7536df6fdfeff4a4d40160b7131fbfcab05e39e95f12d3102597cea40f4e47d6bd1192aabaae981538f5fdc514e8c8f03b0dcc51312319c7e75275cd01b3a87b7c292597e44e38fa8a8edb8f79efeff2aa33206b8a663dab801f5a3ded7a647efda877d3b4f3f9564c0d167a6b058c8c6718c71da3e9536a491e8408f99f413e84fe535d5416d4813033249fdc73435cb989f538831f2f5edfd7d6a7db2eb486ab891e4132323304f783dfe5e95aabda844da8aa2206e279302008ed59fe89645dbca9c89cc483899f977e3dab53d416d801778203490a233df27b7de6b3001d9b96cc4b053079ff00b7d4fad5c74fe9b6ee296670c0fa09738e377d09c7a5513bdb566060c2e64ac01db81ffea2af3a2f5355b7200024981c623d3ff9607da871b35b24bfe1d7de05abec000136300e17e4dd8e39f7aa17f0e5eb4ecff0558b60ba91e51393b70774726b696fa8db390de83039321498edda8a4bbf108c903cd1f513fafeb4af1af01595f93ceecda45b7b547c36b7b831b9001dcd995c02081561a8d71b7a8b5739046c70adb5658c062231135b0bda4b774117110aff00dc011e58e3de3f4aa2ea9e14b6c54dbb9b0f00300e9eca41e78a93c724eecac7245aa6a8ceeab57afb972eae9ad875595dc6204c6066099cfd6ad3a2f4bd4b2adbd522a0560e0a110c249258720fbd3fe06b34a3736db89b4e6dccc92209118c4cfcaabacf58be6dbae1374c1240638ce678a56da54d0e95ed30eeaf73a75bbdf159c93010aa3797cbea3963f3a7ea586b97c8c11201323ce2479723e5c563f4bd12fbff00d545dece60218fc3bbf1127ef5b0ea1a7b7a2b442805dd618cf751c01d80cd6952e9db32b7d998d1e99ed6a5adb5cdc6036e195200f4351dfd56eb9b8faf6c7ceab757d460eee1c883eb1e94fe9fa7b970c2a127f4ae8863df264253d7146c7a4b1e0193ed5b3d2318fdff00e5598e89e1cd5082db5448e4c9fcab5fa6e9aea04b034d2a11b1cce467b49f6f43cfdeb3be20eae884a024b724721447123fad699f41b90a3e419e0118cc7db1f6acef53f093b055b57154443170599f189335cd3c4e4cb63c918a323acea1f1365bc2a1f3b155fe60dc1f43fe7d2b59d37adaa9f86d2c6224e2311fd6ab97c0d70bee6b8224984c2e63f96b4ba0f0cdbb7e62371f7f98a786351760c99792a2c2cb2b891eff00a515f0077fde2a5b3a70a3000e7f5a7106a873d901455124803fc532d5c5612b0449cf6c7bd3755a3b8e7cb7760f640cc7ff00b18fca95be94a136b3330f4c2033998402a7f9b7f08a7e0977b0bc476ae6efdfeff79a56b4a8bf840fd4fdcd74ed1dff007cd5491c2e2917149ee20efcc7eff5a897529dcc7ee7fb563136ea45ea16d65b1de7ebf4a67fccacc7e21c4ff5ac609dd43ea14114c3d52d7fabf781f5a6ff00cc2d18f341e7f58ac63cdbfe21f4efc37008da60ff00e2dfe63ef58db4c7b1103f4af5ef13e816e587833320411fbf4af22b58307904823bc8e7eb54bd0c8b15595c1e31c7d686fcbda3fcd4f65cb18ec7bf03b53b646377efdb3c54ec7ab20d4ea58290412793fda6ab06acb182b23dfd7ef5da54f1048ddf867a704b7f1099771000c47d679f952bde1cbd79c9531eb27ec306952a5f20608fe04d49fc3713ea0fe751bf43ea16400112e0c8011e0e7fed34a953d88592e9ba8050bfc39f53b59090667267daa5d11d5a85dda7bab132409c733826952a0109fe36e2c86b5714477461ebc98a9875b524ab7138991d87f502952ac321963ab287670e6320acc8c10047d3e5555e25e9f66eb06b6fb5c0001582a4199dc3b9c0a54ab714152653e9751acd295b800750a42898111e82ab3acf55d56a189750a3ea62952a31c51be8d2c92a06e9da252c0b99ef273eb5e87d12f5a59d82768930300fac0edef4a95190a8d2e93af5b242cff3118f98e6881d7aded9dd8e3e785c7bd2a5530d2245ebf6cf71cfc87e239aeffce6d42c91e6fd339fca952a06a43d3aa59270e0489fcaa71d46d67fea0c18e7f7e94a9513714437baf58499b80c7619cfa7de81bfe2db4010a7804fd8f1f69ae52ac8dc500def1782311ebf91fea7f2aadd4f8d0e7cca331c880319fc8d2a5591a805fc78b106eace7b8f7ff1406a7c76a4cfc4ed1804c52a5545142b604de36920ee6ffea7d6a37f1b11f877fdb9e3fb572951e281c981b78bde3873998e3fad0973c577bf954f7e58ff004a54ab7140b60da8f146a594890a7d44cfe755573aa5f6e6ebfd188fd2952a7514236cddf8175f70db3bae330dc67719fcccd03e2ad28b7a93d95c06f4e706952a93ecaafd41f4da9839e38fdfe546ed9ced14a954e4511fffd9, 'make cookie great again', '888', 'cookies'),
('321', 10, 6, 0xffd8ffe000104a46494600010100000100010000ffdb0084000a07081616151815151519181819181a181a1818191c181819181818191a1c18181c1c212e251c212b2118182638262b2f313535351a243b403b343f2e343531010c0c0c100f101e12121f342b242c34343434343434343636363434343434343134343434343434343434343434343d3431343434343434343434343434343434ffc000110800b7011303012200021101031101ffc4001b00000105010100000000000000000000000500020304060107ffc400381000010302040404040602020301010000010002110321040512314151617106228191133242a152b1c1d1e1f0146223f11553728207ffc4001a010003010101010000000000000000000001020300040506ffc4002911000202020202020104020300000000000001021103211231415104132261718191a1e1143252ffda000c03010002110311003f00f1e09d290a7d57453ea80440a529df07aa70a239ac1b2395d0a71851ccaeff008c39958c990ca52acb70cde6542f60052a4986c682b92984a528d0391202a56b80555a5228d1acdb7806f51e7a00bd1b1efd341eee4c3f92f32fff009e3e1efeb0b77e23c506e16a907e823ecaa9d44e796e478a4f1e775dd49abb2a658717a605c2912b18925313654ac6cac62c97343238aa894aea601c5d0b90ba020c2874051b8f25d726a09e82d6c7b6a11b14f18977e25142e146c5a2ee0683ab546b2e64dfb715ec395e1053a61a044058ef0165300d670b9dbb2ddbfe5848dd8b206e3cf9983d573122c1331e7fe4039052571e50a7e4de0930ae910a5aacd4d5568182aeb4a71410ec3aea29a424b506cf13053826cae8704c5095aa4500784e1542c12d34d933528be305c354214145b6bacaa3c242b04be237aac919909091d94a5cdea91d079a6a010b02ebb656185839a738d323ea4697b0584bc2954b5c48375a7f11e2c9c33c13bd96332ea9a0f97eeafe6f8f2ea61bcca37a15ad801ac95c7d3213e8174d976b3cf10946200910b8149061631180ac36cd55ca935da1631da2c949ec852d01012ab2b59a84ca769514dd4a1fe5850859851c78baefc332ace1a98372ad400b2406ca8ec198956727cb4d5a8d61169927a293585b9f0965ba59ac8bb91934ba16d87b0349ac6b58dd8056aa1b80b94a9006cb83e62522140b8874d52ade23e50a84cd577757ebfcaa4bb0b180d82b149ea060b2eb0aa0a5b94947a9258c7884aecae86273581315192bb2a514c270a6392c12094a55a6d31c93c536f258d65305294418c6f20a7a549b7b04d18f274072a560994a5187d36f20952cbdef3e5613d761ee51963e3db0465cba4074895aaa5e1cace1f2347ffa1fa255fc2155df5d31d2493ed0964e095da1d29375467a839771752404728f84dfff00b1b6ff0052a3c4784f13f486bc0e4609ed2914e2fa634a325da01e19fa6544f712aee232aaec99a2f8e6048fb4aa21a660d8f23629eec9d51c2d52b9de551b9cb93c1630c49a5284835631698f09cf782aa84e05630f7951ae929a5661412c1910ac060282b5c46ca66629c114d0ad30de0309aea31bd44f60bd5a83031800e0179cf82417d42e2365bfacfd9a964d0aecb0d75a546d3e5252a8e86a8ebba187b25f028130e65e4f544ab7ca85e04dfd513aaef2a9a198a8ec9ae5cc3bac9d515053bad2517aa4b18f20695d054c29056f0596bea986309e67668eee360b5a2fc59442b387c2d47896b1ce1cc091eeb6793f84a933cf59cd7b85c307c80ffb93f37d87756f14f633580cd22dc479840368360263d14b26651d2d95c78b93d9806d3713a7499da20cca2d84c82bbc0706403b4a9eb566b1da99c771b88e30b4adcedafa4d631c4387fac153967955a4557c6deccf613c34ed7a6abc32fb00493d8ecb40df0c334f9070ddc649f4e0a115def00399e61f57ea8851656737e69f700775279b2b7f8bfe8afd104b75fc94b23c0536552daadb8989b89daeb634b0ac68d21a3bc73596c5e11ed21ee70927e60498e6acd4cd9ed01a0b48fc466e92539b773bb3382ea1545fc5e5ce735c03b49999d89ed0850ca88b99303704ee38a2f96e37e336fb8b1e03d38ab38dc2b9825844719e22387252b6f6ba195c5d48ced4f8904860ef30605ae4a586c6b983cfb1b6f364568e2841d65ba608eb3fb42cf666d69639c2c380d8db884fca5a3714db541fd01cdd4d00cc446d1faa7bb00d7b4834d8e24710b3b94633486b03be63173173cb923afccfe1834e7cce0609b99479cb9680f135aa05633c3d4e61d41867603ca4f6210f1e1bc1b8e92d7b1dc8b8fda6c55a662081154ead0753244ba7a1e0b957386c825a4c19bc7055592715a64b27d29f19357fa15a9785b0e1cfa7a5cf740f3175db3ca10ec5f84c1796d37e9b4869970b6fe6477099ab04c3a1ce7492ee1ea8837061cdd4d7c38910e04111c92bf9334f618e3c525a6bfb310df07e20ec1a7b38270f06627ff51f71fbad4e2a8bd8e0f6bc83b4f5ea0764e667f896bb4b9cd3112080350e408558e76fb1d7c552ff00ad18eade14c4b77a4ee5bb4feaa862f297d3f9d840e7323dc2f60c262c56f396969d8b67682a6cd32e655669736c46c427fba5df8212c718e9f6788b280e4a76e159c96ef17e04006a63dcde846a1fb840eb787aab4da1fda41f62155648bf24b83f08a996e2df467e1989f5578e735c99d77eca83f0af6987348ee15aa345562b9744e54bb26766f883bbcfd935d8face106a3bb27b70e792e3f0caeb17b25c97828d5aef6ecf70f55dc367d55962ed6393bf75162dc458a1cf728ce28ac766db2bcfe9bec4e877277e851a73e42f2b2afe0738ab4be574b7f0bae3f84942b87a3d025259ba7e2c6c09619e3042e200e2c8b24c9a88f3e25e241f904c0ffedc3f208fe27356359a18d6068b00c803d070fe160aae28bdde73d350dbfe94cd6b996265bc3f8536dad33ad414ba0961f31a8eada64e99dae6c8f5787801e0804c6a179e40dac81e595c825c0b6786c3de56870b8a656616be58e9b99d8f43c9734d26f45e1ca24d87f0db3e9f3cfd462c8ab3280d1c09ec1643fcaaf87aa453a81ccb6f0418170eebbecb6997e68ca8019693178311eea98d46f6266fb1ab5d1c66025d3b103610159761dc1b0d6a95b5da7ea1bf0fc931f9869e123a7eaba92c6713790a8fc29d3a5c2c84e6b87706c378708e08d60312f7992204fb856ea60c997003f6493c5192b452199c1d48c760aa16bd8ee00ed3c7a108de2b3a6967c32d703b4da374f7e0584fd33cad3ea10ccd72fac1c0d2635e091aa625a07292171cbe3ce36e276473e39b49be81b9a54b0703116e8abd263aa795c41136eaae63b0eca8d976a6bc087445c8e9c14de1bc0cbdd2203762762a71db4bc9d529d46fc22956ca9edf31690d02662c071baeb1fe50ee0369b90b47e2161661ddd4b5b6da0ba7f459a637c81a762493d87f405450e32a6791f33e64e49462e97e855c554313cf6eca98337575d4cbc93d4aae5805a7fbdd1ab7679e9d2226007a2e52c53d8e963883d3a294b47f4a8cd0929b80d09d3b35196665f180040d637bc6aea0232cc94547b5cf86c363cbb9efc179bd3a8c6bc6824b819266cdfdd6eb23ce839f15496f0e201eb3b268638a7b3d584f2b8728af1fc9a1a594b18ed60968e239ab98b6c89689eaa563d8e6cb48239eea263e01b0baec78a15a393ee9b92b28bb302c225b20ee38f70ac61731a4f9e04707054333798f289e1bc7b040688a9a8cb7cb2376cf7057953cbc274b691e8c71c650b6a99a7cc70d45edbc01d3cb1ea103c4e480fc907f5ed08c3f16c6d22e7fca06fc413b00b078ecdaa879a949ee6bb6745c6906c4cdad202ac653be5175fb071e0e69a7e3d859d832cf9986624c5e12a9856b99a9b0473d909c4e64f7b43def25dcd879f070f42b639606b981afde05a6db05db8be5e45f8ca99cf9fe0c629496bf63cf739c2b99bb480769044a00f0bd7338c9daf6068925b30492e807717de6179ce7d96fc277427db8d9679549d3ec928eb40595d4884d21630e49365258c10a34bca7534c73ed64b0cd73ce86f989da6d08a66541c1bf0e220024edbf0f4563c3d4430c913fde0b9795db3bb8f1456c3650e6197b80ec67f444e8e401c410f91cec615cc461c93a9bb714fc0e0aa5cb763b83107dd1c69c9ed139e4e2ad306e6f943992f0750b10418207ff00311ff48132a106c4b48bc8e5baf407e5cf730b5e416711fb4feea0c0e0d94cc8691ce44c8e5053ca14efc063f21b8357b0161b3a7b4006e3a8bfd8a2e73ea65adf2ba78eca3cdf21fae80049b967ed3b763659f7e12a31d0f63987911bf63b11d9158eb68f3b27c8c8b4d235aecfe9374e80498b8f95bf75c767751e086bf48fc2d107dcdd64ab1d31ac472999f409612b99d427cbb4f1e1e89ed9c9294e5b618c55291a4187012393b89f553e5398b992d713302cebd8ec5a77435f98b8ee36bfb2761aa3aa3800c2626f1683b827d523a4ec10534f5d852ae25954ea11a858b4c070eb1c55a666418402db584ec80bf26aa1fac08f3136ea678a7d7c3d6d4d6bda60880f0663a3a36d8fbae77169da3e871b84924c3b9be2be2530d6b8183ae0992601b0037dd67c54160780faac3d82a79e87d36b5a1c41dc8e7d8abb83adae8b1d559350c91aad2d160e24104cfe89d55729238be47c45297e0fbfe86babb36245bfd869fb28def9160395affaa7b038f95c20dfe5916eb24fd8046b26c131c06bf9a75037008e464f308ac906ea3d9ccfe04e2ad99dad4de1b2184fa40f5429edaae769262780b7f2bd66ae11ae6ec07a21a72360717da7872478cd16c31c31ed6cf38a585731c0c5c19b8908b614b8bb702492470b8fa42d86272a11fb89426ae4867e5b736fec925ce2eda3d4c797135e8a181cc2ab0791ee0418869f29b5a1a44735a8ca7387b9bff280d27675a1dedb154686501e4e96900408da3acca234bc32c0c0d73dc40020036006c2774f8f9b5aff004473cf03d35bf7e4b6fc53041043c6d6224140b32cc1d7d30db8fcb8f4455b92506c020c7325438bca68882d2e11ca09efe6d94e585ddb4818b3634eb6ff0083375b12f7b34bdd627b804ec50fa8c2e981001824c38cf098fcff0095a7c4e56d3f5ea27e981aafc6458f6ee87d1ca8b1dacbed3a5cd23cd13b8e08d53af077472c38da031643a1cd8b795dbcdf65b0f0d57153ccf896d870b04f193d32d37b3ada4c131fbf652d2c8cb01d0340e12e927b88b25769da473e4cd09c78dd07f10e686fecb13e21c036ab48933f49009db9f3dbba375dee0345c9e736542a3089b9d86c6df74ca52724e8e351493d9e658ac3b98e2c78823d8f50a095aef15610b99af8b6f310638ff7a2c885d6ba22249249631eb798652d7824374bb988fc963f1155d489699b1df6df885e894c8709d5642f35ca69d406f7e7c429492ed21f1e469d4ba33384cd05af279189fcd17cb718d9b9b7f7d965332c03a9b8800183bf1ec54940bdcdb323fda1dfba58ceb674cb1466b47a0371ac736015100c98d43deeb1d42ab8037d24fd373f756b0954340f3b04f1748bf722026fb5bf04ff00e2f1e99aea74c7f4a639e47d56ea78f44370ad7baeda923fd2e117a797175cbfdc2cdca4aa289b8c62ff002651c468abe57b5af8fc4d9bf3bfe682e3726613e496760216d598168defd60054337c5b29b7cad05dd764258e695b7408cb1ca54a36663059731932ed77ddf7fcf65b3cb830b47cb65837e2aa54700d3b99300360720b4f94e058c687bccb89e66fcac930ba95f7fb96f918d287afd11a62d0557ab4d9c5adf60a963317e58d2e022f163f655b139c0751731b2d7c08277804499ecbb5e489c10c33755ec8332d33a9843a3768bf0bc703d8ac7e26abde410f69224795a1a472eb089e1b1d518d736758326664b44ee472fdd0caf583dae2d075c70bcdef7880b96524ddafe8ea5f126ad27fe4aacc53da4899bdc3b71d41ff00b453019a164070f2f4067ee87626839a1a60b8c025dbfb81fdeaa3a5880441f71b4f65b8424efa64672cf834fafed1bcc263a93c030398957bfcb644823b6cbcda8e3343b4b8cb4fdba846f0d8869b6b046f771680278ea8bdbee939ce1a48e8c78f1e78f2bafd0d9d3c535c3f90546f7b0db50047090b25f1f4996bc4c924b368e022ca72d1a3506970de6349bf0e2b4be44aaa97f233f8aa2ed361538a631e3fe489dd93699dd1138e16b1ded1b2cf61b2ca6f1a980ea3cf7079dd5ea38334fccfbf59f648a525b5d065083d3ec278ea8d2c25c63b1bfd9674d37d47797536fd7dd597063dda4ba38800ff00288e13154d83e698b7027ec993fb2572d232bc4aa2ad9470996d66b8130639cdd196604baee00154f0fe25a65fa6ed07626608e7b59186e369bf6709eeba218b178673e5c99d3dc686d3c086bb5002622624c1de1590d1b6fcca1f8ecc9949a4925dc834c995470f9e35fb183201e929a53c70d3271c39a6b9568218b6b00222f3f7ee83576cec0b89fc20b808f446aa536b84c93f977545ef2de24700029d2bbf0513695793378bd2fa6e63a43db234b9a1aed3c622c45d6071b852c3cda674bbb6e0f2217ace2a90035c79a2d37b2c73f04ca81ec880e7170ff57730ad157a26e55b31da925dc5512c7b9845da60a4b50d67b36b86c0dcf2553e1865c6e7794c662b43353b86ebad06a1d408d11651927e078b40ac7d0d4248bfb42830cf7b7c8fd8ec4705a4197b5d13c176bd06b3613d945c5becac66969187c7d23a8969d946ca8e220f79227db9add56a0c201d00f712a9b700c7821d4c0ea2df92318b5ab2b1f934ada320c7eb32d25ba45c83a6dd046eb4795e7ae0743ea3491b6af2b88e526c4fa855b1d9106c9a569e0eb8f7416ab0b010fb170e0604aaae51ec693c7996bfd9bb6676d3e571734ed7077e8768f559ecdf12ed502a077faf1fe1666962de4e80e71e02e47a764430b49e78edf8ff00b74b3fcb684841637b2c51c4b5a78ed246fd7d111a79c12d2d606b0b7671bfa807afe6ab53cadf51d70d6f0916fcb74ec7e48e63753039c46e4471f498e8a54d6e8bdc1b49b42c6678fd3a1ce797d802d706b6fc634a8a94e997be09dcbae2df483cfa71baa670a65b33e53f291026db73e1f65630ec24913723888981b7bd964db2ea304bf113eb35b0e009b8b12088891b7aa928572f05e648d98d91063731c3827e270f4dac800974dcdb4edd3f295559886b1b0cdcfcdb8027701c4926df9a29d30369ad22bb43cbdc37e2402608dcefdd52aedd2f2444cc11061dd23871ba2b480612ed40c81b3afe9f650635cdb101a5c3cdcc762774524a9a0644b227192b453c4bc163835a03f4c876f61731c8c4a6e1b104b23412799befe9fd951e2c07799a7412082ddc7a4df8a7e0b04e379db88e97300f15472b470e1c0f149af015c031cf70b06f25bac061dba002076b1958ca38a01d61acc7cda8eab77e88ee599c3090c920cc00ee7ca54615cadab2df254b8aad1a1ff119686c47e1b5fd1418fc382082f2dee0c42b34ea4851e21cf0360f6f2fabdf8aeb9422e3d1e6c65252ecc8e2b0a03cfd51f7f454b16f7b439ad6696fe2bb4df693d8dc2d4ff9b22d44441fc263a3b80599c73def77c8081b024003b5d727d697567ab8b24a5da5af60a65520c44c9df54277c46340b924c9e2037844f13005faa7b30a49049060de008edd538682ff003b84cf11e51d7bf75b8eb67472de8bb4035ec21ef0c76910087173a78c0e1b7babde1fc2c6e64cec3bec79aa95288d25ec27680ee3cb757b2c65514c96113b026fb0e2a6e95139b7c5ecd1e2b1458cb9dec0003fa1461fe505c6fcb82c8d4c756d52f707c1d86dec15ea3994ee0007af1e575d58a56eecf372429517b1f89b5c91d361d8acf60cf9dd1b4a9333cc0381f654b221a9c5f7f37e969578ee4734954761a7e5ec71d45a093baeaba1a92e9a21c993e330c0b48e07759ec4e6a30e0536dff4bad6d461162b3d9d787db57ccd7697718133175cf3c76ecac3256985b098bd4d0798520c536277e8b3f4deea4cd24171160782b74ebeb01e2c06e173c934f674c5a6b41b7561bc7f09318779941df9935a25dc7823197d6d4c0e43f50b5475d859ba159a64cd7ccee8e3eb80a9907597136e49b96a8549dda31a72a2c30e708e062fea55ff00f0180e976a703124704eceb1a19239094df0fe39f50dd923f353e4ba45db75722ce1b39a341da4ea1d489e89ccf17d173b4d563d8d93e68d408e131756ea64ada9503ea31b0c0435bd4f13eca3af9252260b011c42a47235a689c9464efc8ea95685561730b2a0e018ef3f4064795026605ce712011078cc007ba3d4728a2c8d2c026d6255ff00822200b7f774b2572bf0571e67054acc7d76b9ba844836241991e9d90fa8db4dbb5eeb6d5306ddc0f5e0a17e4f23607d07eaa4e32f474c7e4c176634b4dad16e36994e7bc1b1e9c2eb4cfc8df3e575cf1202e3725d221de6277b7e497637df0f26519466469267dd12c064d59cd25808039c89ec22eb5b82cb9ad1f249e645fdd139880ad18df6ce6c9f23ff0028c51655659cc0081bc0d47bc155db4dce7eb0740dec4133ca0f55b1c4e0cbcceab711010d7e464b8969b723703a2d28c9f8b1b1fc88d7e5a2ee598d2043c87000798d899089b5e5e3c840b589b8405f85a8c698f39b7403d38a115b1b503bcce2d8fa76e9c9342528e992faa137716ac2b9ae5b4c90d35497037e307881c820948b1af22e7807182046f36bff002ab56aa4bae489dcee5527bc9044cc1d86f7e3f6492924f4774317e34d84f138a10d0c04022e638f503821989600e0750da6d333cbd54f8663cb62373caffc2d165d928b39ec9b71b5f9a4736dfb34b8c23b74332e76aa4d63ac49df9b7af557b19660a74c91d07eaa76656d6090ef37798eca1c396b66f79b99ba0f0b977a39659a3e3654180d43cd63c471282e318cd458d89b4f48e5d514cd317a3cc0fa73598c6e206ad5c48f5255e10505a39a52727b19983cb88630dcee7a715a5c9b0ba5a0141b29c0173b5bc5f8765aba0cd224ec175628f9672e597844f64964f1b9fb43dc39149579227c19becbf33a788602083f984ec46108b8b85e3997e64fa2ed4c711d3815e85e1ff19b1f0d7f95dd762b465197ee694251fd82cfc303b855df970ddb6ec8e3431e25a4289f877350947d8233f466eb60c8f99ba9730f98398e0c23f85a12de6157ad836bb8284b0a7d168e66bb28bf140bc03dd23891e600c95daf969dc7054061887ea36beea3284a2744724595f0796fc6aae7d4f946c0f15a6c23194da48811642456d3b2a78daaf7081ec54e2eba2b25cbb0be2b307eb1a4020f1e8b95313ee6dd9011887892eda2cbacc54cc4cf3440923402b0812ac36b0eeb36cc4cee65768e3dc1e64d9603468c38081f652ebe5ff4b3b985473a1ec9901330d9a3d85ad7824bba229fa0389aae1683dd75cc245a250ec463b435b6dd4acc6127904dcbc08e0fb2fb2397aae552d6df654dd8c0ef94a8df50543a676dd1b0288418d69162bac806375558db40b0e69b4409b14793f40e2bd84aa968136551f4d8f30e60f649ee917baa955e45c22dbf468a450cd703a5de46036e484370c6497b037a816f546f118fe07885419880010eb83c14dc53ecb4724d2ecb1958683f282799fd158cc7145a3cd61d156ab518f22f06382a75de4b0b1c357274dd2c528f934a5293b687ff00e41cd7022e0a831989105db5a7d508a550b444c01cd54c76364e9067f54f1e85976371f8c71127fa14795619d51e1e7e51b2b584ca1f5082fb0fc23f55a7c1e5cca6dbd80578636fb213c89690fc2e1c0083f8933914da58c3e63d5773ef103580b1973cbf7584c45773dc5ce324aac9a4a9128c5b76c6924dc9dd24d4944b16084ddb652109a42098ed05f29f1356a240d5a9bc8adee4de34a752038e93c8af28705c0a91cad764658933df29d563c4823d127617915e2b80cf2b523e5798e456b32bf1e6c2a08ea1554a3224e1289b87b08dc285f443b70a0c0f89a8d416784519529bf62167116ebb02d7cb41f96dd953a996bc7d456a0e141d8a8dd85729fd6bd0eb2bf6651f97bf9cf70ab55c23e361e8b5eea279289f40725bea88cb348c5b68d51f482a4d6f11ff001cf3bfe4b5bfe30e4b9fe2843e9887ef9000e2447c8e1d13998c67169f51b23ffe28e49a704d3c12fd083f7b0557c431edd3abf7431f4aaebd2d3e53c5691d96b39263b2e1c0911c90787d0567f60cca700f6076b76a9e5c15a343493a4efba96ae11fc1d3dd567e1aac41d2523c72b1d658b21ccf31f84c899253328c4c0d44ceae0a2c7658f78b80a8e1f2aacc7eb0e91f87823c646e71a0e63b1fa42a2cc6b9d0677d949570f55e20868f455db933e6ee3d85823c64c1ce2911d67c997387ba687b07d48851c91a370ad372868e0137d4c5fb919c7e66cd51a4cf30132b66062402e31610b4ff00f886710135f83a4dde1058587ef461061eb3cd9a7cc67a047b2bf0f86f9df73d55dc4e67469710b379978b4990c1ea9e318c7b11ca52e8d5d7c6d3a4ddc5964339f13b9f2d66dcff00659ec4e31ef32f713f928004653f418c121cf79719264a402e009c14c7124bb092c12d84d2124921438426109248a031a42e10924b0a743c8b82476447099f5767caf3ea924a8a4d08e2987b07e3ba8db3db3d968b05e3a6bb7047a4a492ac64d919410770fe22a6effa2afb3174ddc124950931ced3c1374352490a30be085cf84ba920139f07aa5f0975258c34d348d10b892061aea2170d16a4922038e6b4289f59a382492c62a56cd1adff00a41b1be2a6379fb1492598d18a33d8cf1a136634fad901c5e7f59ff540e8b89293932ca281afa85d7249ee9b0924a650ec2e80924b04e809d0924b04ea4924b18fffd9, 'pizza is pîzza when pizza is not pizza', '666', 'pizza');
INSERT INTO `produit` (`id_produit`, `quantite`, `prix`, `img`, `descriptio`, `id_categorie`, `nom`) VALUES
('585', 25, 9, 0xffd8ffe000104a46494600010100000100010000ffdb0084000a070814151418151515181918181b181a181b1a1a1b1a1818181a1a1a1a181a18191b212d241b1d2a21191b2537252a2e313434341a233a3f3a333e2d333431010b0b0b100f101d12121f3323232a3333333333313333313333333333333333333333353333313333333333333333333333333333333333333333313333333333ffc0001108010900be03012200021101031101ffc4001c0000020301010101000000000000000000040502030601070008ffc4003a10000201030302040404050304030100000102110003210412310541062251611332718191a1b1d1144252c1f00772e1336282f123249216ffc400190100030101010000000000000000000000010203000405ffc4002c11000202020201030204070000000000000001021103211231410413512261327181911452a1c1d1e1f1ffda000c03010002110311003f00ca68d29d69d8452eb6b1560ba4579f3db3be3a4307506aa541550bf5c37a978e83c8fb5604522ba99a7171e4502e954c7a167b2ad3251e83142db34521c55491c26bb15cab516883b642da55a6dd5d656a6e291b0a8825b5cd30b63141839a36d1c56095df14b6f0cd34bd4b6fd5974425d9f69e8d9a0ac51638a4976561d11539a3ec98a051734720a066148d568a14355c8f42a85b2ad4252bbe334e6e09a5d7ed669930342eb66a372a765715f3ae6b9fc9d45258d455ead65c55039a75d13e997d0f74e2ad41555f53417638306a26dbe2843565b3552616af56a3d5212ba453244dba616972b8f76a95af9e91a1d489a3668fb4697d919a616b8a346446f1a5d78e698dd14baf0aac7a232eced8a380c503628c06925d948324b45235068734622d285b265aba86b915255a2297ad5371289b63155dd14a112218154bbe6bbbaa8735248bd9616aac249ae2d19a74159ba05592b3a6aaf53620532430287d59a54f61103db3356dab4668d4b5268a4d3557909c4192de2b97168ff8543ddb74f164e481aab76a2be1d53712b58112d30a676d714bb4b4d2df141e98f1e8a2fd2fb94c3514b5ce6ad1e88cfb276eae26a8b6689029263c0eda39a616cd008334523505b0cb45f52435529afb7d16840eb75cba2a9b0f44309a47a18cb07aa19f356059aafe1e6911d08ea5148f1429c570dda0d5993a1aa5d9a85f134359d40ab5ef88a0951991478345adea50d7735725d34fc44521bee9a83a50f6ae5100d6e8567c131406aa98eec501aa1450ac1ecbd33b37314aeda530b6314ccd1d1dbc6680b947b8a16e5ba78b1648aedd1694322d156d69663632c45abd16b8894404a58b0cd150a81ab5c5564554992b2d47a1a5e9cd1f64e292414671008a815a8da7c545dea2ce948a750d40bbd11a9a1cdbaa456859124b86ad6b86aa4b7569b747429c56a211ea854a65d3343f11886708aa096660481f6145934c9e9dab49a1f0e5fb8373016d2092efe50001324722abd096b7f16ce9112f1b8800be1f30ca4b22a32c96f2b4019e0d17d3faa6a4235cd4b96b771762155b4c03a4802e28656502498983edfcd37248aac6dabffa453a05b0ec8fa850ea26154b29100cee90b1073e94d34be16d1bc31b97997992a511c40c07da232626694f4a05f50d74da628abb5fe0cda0b0bb9602ba10b0b26777d0c835c5beca05bb6cc127caa5d8aaf2044985193c47350967e2adf92ebd2f2749f556176bc35a26736d751710e4297d905a62276807e93268dbbe13b13b1350cae049debb963d6446d1f5a5d63e16f504ba82adb883f1b20600daaa731c90451a756a542230dfb23cc191d901936c2ee2a4accc2c60181029639dd36e9ff734bd3534937fe3f501bfe16bbb65191c804c2933b563ccb221810644523d5685edc6f52bb806591f329e083dc56dfa733a6d550cac0964059595a46613702a480d8183cc835a1b3f09d769b63c8700a488ec14191c48201ec78ae8c73e5de8e6c90e2fe4f1e36e2ac415e87d7bc296ae2bdcb4bb1fe61d91bca091b7f92639f5ac05eb2f6db6bab29ee18107f034f2160cbed1a2c2d2fb2d9a636f8a51e40b716a1446a1284631548b264c51687140a9a31062b4808cd5b4aeb2d58bc5477544ea883dcb75116aa6ef5f2351b629c4b5578b35248ab54d0e4668a0fc34f3dc2420e6392730a3dcd11d57abda3b1addab6d61ed9d965990ba5ddbb37ddd924b096650c47cd3822292f52b4f71891f221dbeb182ccdb7bc0524fd055bd3f4c6e6afe169110870e96c5e0adb804963e71b45c6d848f4dd181555d0b18d3b3ba5eab712d8b69b5049259043bf31bdc99600180b81ec79a7da6f126a5ad8b772ec90e5d1c2aabab4b3b6e651dd883fad65923838391e911333ef4e3a3e856e1725c008bb8794b1633818e300cb1389f7a96474be0eec708bdc9587e935ce971ae06705c931b982b96014b1b60ed24edcfd3da99f4ed45b0e0de4736c8604a9320c2ed5811231ea3f2a03a774bb971caa03bd73e5201503f984e271df920d34bbd52eba11719081e625540dcddd8fab118c7e15c926bb7bf8f83a9c77c63af9a74d1dbd86628ac107986e13b54f63b4cf103be4fe2c9b48c1991984aa9076b70768e0e320903d8cfa543417ada91bae87b77830716e4c32799434a82b96c898e2714474c603700011e4218f230405038cee1f71f82a824d5e9927393bae90dece9ae310fb51802036e055c913e6565f2920c72a4ca9f620bb371599d590ab48018166de9820c889824e099ef4bf7c6d9764d81b182219b74644c761c60d3cdce18830ca7e60481071046388edff35e84229ad1e7644d3d95e98960ca4930d00856061914f0671e6c93c1e41e6a5d57a75bd52fc3b8a27cc03637a907953cfd44454f46cb8b857cce00263d24aa91d88dc44fd4d7da4d45b3e720ab33b2f3bbcd0030ff00b4790720702a8a2968e7977679bf58e85774ac4b09b7ba15c11e69c89599063f4aaf4cf5bbf1074cfe21024a91bbc8e649460d0f001f370447ed5817d3b5ab8f6dfe64254fa63b8f6eff007a9791fc175ea5f768a77a16e53c4491f5ba616f8a0ad8a3d0629a40466271550ae938ae20a859d69116b735f0145adba85c5a1c81c41cbd7c2f542e0a1d9a992b33d22cb56a27d4f7ff009abf6de5ca927f3a1efb9b6a0b449e173ba3d4fa5717a65ebed9c01cf3b57e83b9aa3928fe239e49d90bfae29ff52d21fb007f119a33a178a974cfbd03a3105584874607d54f707333fa9140dee88cadb54163ea3fbfa50573a7386dbb496f4fde829c25d06e69559a97ea3a4bb1b6e28703f9d401bb3f2e20088fbd3ed432de0a5102795430460ca4899652330411cfbd79b2f4a79835f369ded9f2b3291e848fd2a32c1092a8b3aa1eab2aa935747abe8ee27c00acadbc5c6dc488555885868c4c4f1383e82acd1336e528e5195a41014e0c0610c081c1fc3f1f37d3f5ad65b59f88ec31218483e93ebc532e9fe3db88ac86d21571b5b6e095eea0c4a839183dfb1cd45fa49724d3fd8a3f52945a6bbf93d5aee9f7997960cb2663cca7d40c67fb531d04becb8b95640c3cd254b7cc189cb6313d8afb9af39d27fa8f65fcac1eda90aa046e0028859782c40c9cfa9ad274af12e9cc2dabb6ce320b852093330c449f5fc6aaa6e0e9a75f2425f5ad346b6e69460933c609eeb90411904678f5ae5a36c2b040c4a434092dc4a852dc82015f4e476a496756c0940ebb20edcc953b8c8561c8e793d87ad7d6df6b073231b4b66618c4e395989fa533f551e49242fb0dadb3456b691badc3063bb0704ce48f433cfef595f1af4c5da2fa9f30215fdc1f94fd41c7dfda9a2eb5941da371130b31bbbc0fafbfa8a9f56b36efdb86100824132aca7692a63ebda9bdc8c959378e51679b1155b2d10a95236a993a15eca2c253044c542c5aa345ba2e4648c3edc54ed254a2a682a6e0cbac88b50557712afb7522b5bdb37b884f794d08c29cddb1343ff0b9e2a918b272c8813a95b2fe78931fa08fed5cd3f5fbb642e4918f2b01b76819e3267d4d3fe916ed3baa5c65483b7cc40dc4fca07d6680f1774a6d2de57da8c8ac2520c0612d0d1c82076f420f6aae4c7192b6ac13a61fa6ebf696e45db4e8181f9810c0e08f2c03b7dff2aa8f8834e2e12a858705b00fd81e6b49a5d4e87a8db4b975505c5500c91ba39653393067f1f435deb9e0bd3dddb76c421580c2d910c3b1207cac3d444f79815e6b863bdda1549aecc76b7ad5bf89296c9ec6719f614d343d086a10ddb909c7901c800c167918fa7a66acea9e0dbb69addfd3315e03826723f9a2720e4115cf10d9d5009b57c8d1b8a123cde8ddc0f483558a8aae2eb47463c91bd8bbac25b62ff088d88bb4b76dc27ca2796fa4fcc3bc819ad369d411be013c4e314ebae68352b6d5da0a0f942821558f6224e79c9a51d4f5770db45b81040207946e038227f3ab45da54527960f7dd13288465548f5983f6ec6bba8d37c35563b977494256411f518fd29669ae410a7e5247d8fb57a8e93a85bb9a545b96c2053b5588c6fe20103127e933499f23c55ab43628c732b5a626e937eedb84656562a182862a48f581da477ad5e8f5571d01ded1e8d920f246660f34168d2ddedd6ee91b914b238237ed59503d7729f291eea7f9a29a683a19c33b3ce2369084381e61119fc44cd7335269c92d1a6b8ebe09a753ec5d7f2aedeebecad870f13100413119355ea3c245d4b5bf2363cacf28c673b712bf98acfeab457acc7c4b6e8098048c123d0f06ab8f1292bdfec73cb378a095ab940a54355535d5d747164131cdb02ae314a6deb2ac3aba1c586d19756a90b9558615177ae8d130a5bb52f8d4bf7d495eb52330f176ba2e50f6d66ad29de8e85760fa9f99f1ca83fa8a3fc49aff0089a4b6f73ceeca0b1389741b198c77273ff9522d56a448fbcfea00fb507afd696b612700981e99271f59fcab59d54b8abf013d3fc37ac7b4da8b76fc8b0791b9bdd57bfeb4cfa6788af5a91b994f190488ee083da6aef0a759b7f01ad5c783c6d920907078c9e49fbd39d358d1dc792c77300209f5991049f4fd6bcccd969b528f474e3c5171bb2be99e35b9b82dc865273da07d29c9f145975286dbecf2ce012a1a41623d8c7d67f1e8f05e9dc42150dcc16f373cc734aeef83efdbb85aded71060b1389c11d89fc6a3ee43bdafcc496183e98f96ee98abda6208d81b38f2b09dc09c4019383c567f55e15011c1b61d0cc1662904c81c60303dff00dbda67eb7a1d623a964b6ca011b5960107e687f9d4992398cf1465bd56a9dd6d2a04b28d9dc4386ca940cc73888c60c9c714f0cb04b4ff00a937e9e6b48f3dea9e15d45a5f88a8cc9214889746248865024e47204532f0baea5cb69aeaba5a61259d181438008dd13eb1ed5eba9a4464f3a7cdb4059955dbdd470a3d850bd56ed9b36d9982e071b94133f28e70092334b9bd6b7f428f2fbfc0d821c6576d7d9199f0e7872e7c547621b61dc0807cce600ddec09dc739d807715a0d6eb0b6a7e0296536d7c8c0fcee60b8220833ea4723df06f87ee008d70f9545b472324aab207891cf1dbfa4fad1762c5bd445fb64ab09c902446323ed15d328e48e2496dbdb293cab9b6fa5d1f69ee5f236b328c73b4eefc8c4fdabcfbc4fd42f3dc36ee6e010f954f19c6ef79f5af4bd4ef30a900a952ccc30cb99023bf1596ff504da7b48e07ff22b85047f32952587b80403ff00ba5c139464a32777d2ad9cf376b4a8c097aea93518ab16bd0a2145a9356e6a16ead1428226522a2c6be086a2ca68720f13bb6baa2aa122acdd5ad9a83ad1aeea6f2aa92c7cb19a0edbd0bad4374ed06154e7dcfb7d2b2b3685b66e0662ed3b16428eff008d0a7cc67fc1476b536b7c31851951d8cf7a92e9b76dd86493b42ff37a8c77add3b6349f2492178b7327d3f63dbed4d3a50b96592e5c53f0cc120f254919407939edda6b9fc21276ae44f39fb77e3156ebf47f0d04b6e2664671c463b623fc14b37192a7e46c7171daed1e97a0eb16d6da3a348720480244ff00508c679ad8f4ebbf106323fbd79578616ddcb2aad060c91e8dee2bd1ba0df84642cbcac5782f1c63978beb7df93b332b8725d96f55d186121f685966e3cd82369f6983f6159a4ea2cad16d370ee0f2f3385ff3f7a71d6eecf967079f7af3cfe3f6eb4a9764b62140cb4f7dc241c4ccc718a3870c724da4b4bf60c3e98fd5e4f52e96ae6dee36c06eca4d62bc5b67e00b8ef73725fb825722095ca7a6d1b79fa7a49d4692fadcb2e16e12ce08c1ca9cf11c1c0fcfe948fc43d3deedb16582c6e9b6e1bcec5a03ab8633bf2df635eac3043126a1d3d9ce9b52b638d1df074ab751827c5b2bb58e142a10cb183076bb018edc559612e30636d5adb985507c818892db465559803c807e99023734df0b4c9655914db75542d1b40085c4fa02473db1e942deeac84890c9714053b00651dc6dec073e6efef22ba6592317b2728b93d0eaff005370a4321c4804107744f79e4467b567fc61716e6915c2302970012a472181067edf95316d68462aa37830d81b48669258600dc48c47f57b567fc51d57769dedb9821d551163ccc1c9666f51027ff2ae08e352cca69bbbfd28cd546a8c8c8ab6dacd2ef8a688b3a802bd6a396c608b152372843aa06ab2e68710f228f8eb5f7c65349cdc351170d4b894724393b6a70b14a56f1abf48972e304b68cec7855058fbe076ac902cedf7838aaed5c8c7f9ef4dcf877591274eff007007ea6a16fa25e0de7b6c823bc7ef59ca2b76328b7a156b013b58723f4e7fb50cb748f30898e7f2e07dfb7ad13afe9d711c920e781ffaa1f45d3351758adab172e1ee1119b6fa6e2042fdc8a0a4a4669c7b0bd1f516569214924b191fd472401df278a2756031040c99318c8302477ede82976b3a4eaed391734f7908e775b6223fdc0156fa8350d1dc7b84222ee6780a144969e1401c9cd2ca1bb43c322aa6385bc6772423a927cb8f8867bf0303b47ad6cb4dd440b46e6e5989596cc9e65466062b0ef6f556845cb2ea4f66460e707956827ea066ac0b75862c5dda470a8e4cf6f285ef3c7deb8f37a6f72acea8658a469f43e205d40646205c1f60c06372ce7ea29425bffec192379e27f18159cbda4bf64876b57148efb1c15cf04c0fa66b69a51a6ba88cad2efdc1f949da0063c4f313e9463e9d626dc7a668e5e4a9f68b3a775e4b4e108dbbae0ded8859db93ea4013cd1fd4faa25cbf6ce43231724030c06e58e0492db4f39287dab2dd72d5cd31dccc87cd9120dc921882564c8daa320f714e351a36169dd86c722da2993e5dcabb5b1b883e7edc7d66aaa3242ca4a5b347a7b6753b924c35c204ce234f70091cfcc47ff9ace3df085d4b3902371c9eca7603f313e603df68ed5a7f0ce8df4e6db5c752a59720b121995d5776e031e60313922a3aef019bb72f4ddda84eeb20090927710c300419039c66413147829c53b1659145fda85efd4f6064723e552e26491c6673c601f78ed3594d592ec4933249cfbd7a6787bc0b62c12eeef75f76e9666084c10375b9dad12799e6adea7e0ed25d6deaac9d8fc3202e3bed2201fa53e2e38d5b39b24f9691e3ef6a2a050d6bbc5be1f1a474dae591c12bba3702b1b818e479867eb48828aeb4ed5a23407650d14122aeb482a4ea2b59a8ca5bb6cc6154b1f40269f74ff086aeec7ff1ec07bb7ed5ebda4e8da5d3010aa3ed9abef75551840054c6af9309a0ff004e081372e7d862b47d23a0dbd1befb6b24a953113063d7e9445cea4bc97a0353d7edaf79ace36a986e9e8d01d5123e46fa18fde913e92e5cb9ff004489c02cc8600ee00263d24fa8e78a5a7c520b04405998c2aa89627d00193c536d25bd55c9dd71acf13b02338cf1e7564071cc1a84b1c62b6ca29b7a5a13757b36d0b03170ff004429551c19e083ea4d38f0cf89b4aabf056d7c05452c48005b890198999049232dccf26b9d4ba58670c596072ec724f041811f5e2b1bd4349a7b77365d62bb9881717e49c10099c0f7881de39ae78ce49e8a25192a6ecf5d4b96eea6e5657461c821948ef918ac0eb7456f4dad37addb0c16093b436c673e662d120e009e6091487a0dab9a5d5364ed124a86f2b961026304811ef8ad7f496b61af35c97f8df30622144442fb47ad55cd56cdedb5d6cd5eaad2322ef00f1123b9e3e9c527bfa9162e057f8bb5bf99776c4022776719efc7e147ea756ab6c1da7ca3ca09906389ab34fae46b48ef82e0ccf6c49c7a62683517b64b6bb3e1a725815b920e7927107df3da946aadda37196e6991db9dcc887780264b1c8f4839a77a6bd6d525447e58f5fa506f765a4da2c0646e28013dce4ff6a5a5a68a413b768ca759bb743aaa69d1b4cd05d548565b933f115a30e27dc1820fb26e98112e5cb6e19edb1913bb3c6d6588800aae0011ba2b67abd5063b98281105092ca47a92233f5c7348f5f71b7a5c4550a9202ab29190254626090393c8a553ed5e8eec705fcb46bbf84b576d6c4800ac0eff004224f3344f4aba5edf9be61b95bdca92267b83eb580d3f51b9f15761604c9d90d0c471c080498c4d3aeb1af6d39b2b6d999acdb019385b92000777afcc7832629e191462ed7fb39b26197e1efcfe46d93e5a12fea02a9998120e33f61de9027892e3aaed4d8dfce1bcd062614889fb8a9dbbef75903449893ea64e4fd0509e55269449c7d3c96e5d05755e842faa0700849db3cf9a27f4159ed678257f9647d0fef5b75bc638341beaae4ed2a20f06bb6d4524ba39d45b7679beafc237d7e4607d888fce91ea3a5ea90c1b6df6123f2af6965da258483dc57d62da19c0a2a5ba038bec5772d2999249a57afb36d4489fc69cdbd31dd25e57b0ed3fa9383f8d4351d26db823d646398fb9e456b35187d78198e0fa7e559aea1720c664f1fb7d6b75adf0a38b9bc333ae6449c7e02678a0359e1c630e11bcdca9501c7be4f6fc71418ea813c25d6747a5b7bdcc5c33bd8a92f04e150465700f97efe821e24ff52904ae8d0ee3cdc710bff82727ea488f434af5fe1cb8ad04169e085f69323b7fc52bd4f862f4ff00d26f63313f63fe18a8fb6aedec2dfc05f4df18eaee5c0f72e6f4432d6c420648830627133c9889aa0f526dec6490fb777c4daf2604b798100933fe709359d26e5a6f95a79ca903ef350b1ae823e20800e62073da60c569635e0a629a5a91e93d0bab6d51fc4aa9479d97372e204c3aa8254c7e62834f163a3036eda84c160c7cc4fd4600f68359cd26ac340dfe412143346dddce260098fad5d6ded5c81bc0c899ec3b98ef1cc0ae76a9f475e38c36cd96afc7ad72dedf84aaa70732623307b7e1412f88da1025b455410b962403ea49c9f78f5a4f7b4280f91c3a316da67cdb4185deb1e531f6ab2c58dbe58c1c0c8fb7eb529c93f25a38f1ada45977c49ac60c3795004280467b463da8de9f72e6d8b8c4b13ea4e060e4f34aedd9cc7f907fcfca9ce915679883dcf1ce0faf3539c95516492e825ee139fd44fb419f6a92e713ea3bc47edc5196f401ed870d9dc428132639200eddaafb7d09f98dbfee31ff00351daf02fb91f2c526d6eb8ad9f2c111804f6cd3416dee79984e0283db1900faf24fde894d322096700af78c0ee724c7f6cd1da3d4a5cc5b5dfcc49107df38fc8d3c2e5a4472648a76902dad29effe19cff9ed4ffa4e8b692c60f658c8f7352d1d86c6f1b60cededf59f5a662bbf060e3f548e2cdea1c97147d154ea2cee1da88a840e45761c89808b6429500fd3bd2fb7aa0848691f6cd35b9a820e3cc0722208faff00ea92f51d7da668e08ef2323f5fc7d2927a2b06dea836e69e548dd93c47a8c8fae6861a06c12c7780646e8463c0311f4327f4a8f4fb569bf98ce2549220833c1a3351d3d49959073dcf7e7144c572c146e5c8ff00bb89c083f31f492077aa6edc3e60b086305e0091de67d2a5acd310643918c0e463981ef02935c6b91dccc961c673c66733f9524a745218d327d42f9f95ae212064c84333e561980c3d7820f6c1a174eef3b194b2c0218942eb2666060880320f7ed45d9d32850f70acc6260ce64804091f4fad4ad5e404408139f2fcbe8491fa9a97377b29edaad22f6e8f65c70248ce61fbf719f5f7c77a035de0db2ea0aa0266048044189ed8e271fde29a6a6e05124127910d223d480d9aa74bd52e33150a04493b889e7d471daa9ee46e893c4dab465755fe9cd963298ff6c883ec077fafafb50777fd316326ddd607b4c1fce2b74dac4b6de76504fcc07009f94e4cf7a2b4dd414931711a7220640facc353da138c9747993784f59686d1710a8f553faab013f5af9fa0ebdfca2d26dda38675044413e60738263b4d7a592aee06e99c85f7f41facd30b76768886f6932018ed8c527b7193ba1fdd9c576792ff00fcdebf7c8b2bc01e47581f90fc73cd34b1d1b5b6c88b369a4ff35cc83cc1da8631dff2af45478300b06fe92247d8c7144b206513b67f307dbdeb3c317e02bd54eaacc7dbd07518f2fc24240982cf0076185ab17c3bab686b97d89ee176a8fc4826b5f6b8e3239aa6eeb9460493c62227ee697f86c7f02fbf3666ec786ed869b9bd9bfa9cef23e85b029f69ba6a2195266aad55c600640f59247e951d36a80f99a47a2c9fbd52318c40dca4862eadd8cfa831fd8508fa870623b483e9ea0ce7d7f0a8ddd727f2b4fa02272331ea297b75378dc14f20fb9ed81de8b921630639b0ec6092b07df1ed1fb54b52e14649f6fd898c0acfe93a85f70545b1ea6304fbe26699697541772dc2011c801b681ea7102994ad0251a647f8f6f95841ed2227ef8f7cc0a81d0ee3e61063831f88dd23bf6a3d901f32e64763823b7d28846c679ef438df6672ae8ce5dd111f3aed6fea5e0fed5db57aea7fdc3b1fde9e59baae2a0da15995c56693ecca4d742c525ccc9063f03f4abacf4b75e2e132798131df3453697dbee2abf89713833f5a550433c9202d7e99c2ed750eb38207987dc5557348000bf0b910580fd69ad8d713f30ab4ebd07341e343472b16dae9bb14326e0547040cfd2971ea77806dd6fcc71f2c38fc056857abda22777dbbd497a85b22695c23e1d0cb24bcab339fc4b319650cc32679e38fad0add6dc41288caa636915ac3a9b20cf973de2b97b4369e1a00ee6313f5aca0fc30bc8bca16e97aca122555476c7e9473dd6786b6c2064a99a99d05920aedfd6a9b00a31f2981c47a55126bb26f8bda2a05dc9f2b48ee0471f5a9e975415b67c370c667cb027ea2bebbd5a1b087ef8ab34fab2e640cd1525d58ae2fca241ae833b447193cd50ef712602013831459745307f9b9cd12bb48881146817f6116a5ddc0dcddf80207e7555ad3348f26e23bc91fa539d4e894c768f4ae5aba2de08c7ad2f0ddb1d4f5a027d1b8e1003d88fdf9afb45d3f9f892788e647d229bdbd429e0d581a8a8aec4739550158b4b6e76fcbcf191f7a31581aee2ba00a611eca2e6914faaffb4c54eddb81124fd79ae5eb84442935ddafea298c63743d564020d3ed2eb7debc77a7f5723135a6d0f5ae334ad04f423a923e9562ea548cd67b4dd5d580cd109aa934b41b1ca6d35d7b2a7900d2d5bbef44a5ef7ac1d1d6e9d6db915c7e96a060d4be3355f6ef7ad06afb41dae98bdba4b0e0cd59a74b96f9122989bc2ba2f0a0a09741e726b60a356ddd62ae4d48ef532c2a402fa530ac1f53a54b833fb553a2e9eb6e618d1c107a57df0c50add9b93aa07d46811c6667d6afd35a0a2055816bbb6980d922285d4e937f3c51315f1344542e5e99b5a55a28cb5642e724d5b35f4d04a82db64a6a3b6b84fb5458b5380b4544b8f5aa7631ef5f7c0a531f96ac6bc8e69f683aa29ef593356e9f9ac2a67a059ea279069b68bae11cd62b43c534b358a2379a7eb00f7a656b5a0f7ac26929ee9b8140c69935a0f7a31351599d3f34eb4fc500b198bd53570681ab6d50b3072bd485ca1d6a740d45e972ad17285153a6b304871530d4255c95ac5a2d26a115f57c28d849cd766ab35f56b05166eae6ea81ae1ad60a2c2e2a06e0a83554685868ffd9, 'burger is burger but burger is unigue!!!', '666', 'burger'),
('salad', 48, 1, 0xffd8ffe000104a46494600010100000100010000ffdb008400090607121312151313131615151718171a18181817191f1d1b1b1f171e191a201a1e1f1e28201a1d25201d1d22312225292b2e2e2e181f3338332c37282d2e2b010a0a0a0e0d0e1b10101b2d2620252b2d2d2f2e2d2d2d2d322d2d2d2d2d2d2d2d352d2d2d2d2d2d2d2d2d2d2d2d2d2d2d2d2d2d2d2d2d2d2d2d2d2d2d2d2d2d2dffc000110800e100e103012200021101031101ffc4001c0000020203010100000000000000000000050600040203070108ffc4004310000103020404040305070107040300000102031100210405123106415161132271813291a14252b1d1f00714236272c1e18215334392a2c2f1446393b2163453ffc4001b01000203010101000000000000000000000004020305010607ffc4003211000103020306050402030101000000000100021103210431411251617181f0051391a1b122c1d1e132f11423524215ffda000c03010002110311003f00ee352a54a10a555c7e39b650a71d5a5084892a510001dc9aa1c47c40ce0da2e3aaec948f8947a24733f41b92052560f26c4666b18ac7cb5874f99ac38247fa946d063ed1bdcc681b885b311c478ccc545bc023c363ed3eb9079fc208f2f23705571e546f45f21e0bc3e1fcca97dedd4b72f2aeb049bf4528923ad1fc1b694a025b484369b2401023f9474eff008ef575b8e55c04131aaeaace614aac54523a277f9f2f6bf7ad2702848d294c0dcee493cca89ba8db7249b558c4e2b48b09a159a63038d980a491b83fdbad45ee00157d1a6e2e1f2acf913b94814a69cf0271a50a5423c45264ed798fed5a9d7488b295240b09893bfa5065e016f629f688924a168ee9284a0ffd43f1a54d52485a94e8346d6d1d13c627889846d2b3daab6073b5621c0da516b1313683b93c8569cb38254614fba40fb89893fd4afcbe745b0e9460d4a6d2210b3ad33cac0113b90226fd4d535eabd836eabb65bc3bf754975012da4369ddf7f745df514a09d2a5903e11127d35103e66b90711e66a79d905c2885793600f30a0212ab8813022646f5d431aea5e6ca7aec418208b820f220d71bcd70ab65c5b4f2cc5ca40bea549200378f4dfcc3a8a531555b5880db8cfbb6ebe7ed2b2ebb5ec6ee087b654a296c0d0990a512992807510013717528f233bf3a3f94e7e70e9012086d2b882a254a1a6c53681f3fb3d2f4bd8b03c25c4ac971cd24936884905208f3120dff953bf22984c31084a02b582019bf9553ad498927947ea695ac18e68daf4be9aff007d2eaba62a36ed311f7fb147f0bc5aeb6e799cfe1f8846ad4b558c98900826f71bd84ef21a311c5a84a5297521d4af9426e3b83635cb9e23c408f87490ad571e5f29dae248ef00d377fb3fc461299579a0933aa48eb24c0e7ed54d4ab5283daf6bdc37de446f20c83c75e49cc1b1d598e6d8ea3870d2df94d7fecbc2635014ca810936075790f44990e32636d0a0074343336e193a15e224be091215a0b87fd64043f1cbc44873785037a1b92605d65c275ff0e3e104c9f5e56ffb8ed5d072ec4871bb89fb2a062ffe0d6be0fc4a9e31e696a04db23bec7773287e1ea511b4e1ac77cd73fcab32c4e146a696712c2484a90a2438d9db482b3a927906de279043a498a7bc8f3f67128d4daa4830419052ae69524f990afe52277dc5e82711f0db84f8f8456975208d248f30fba09dc7f22e53cac293f0af175c2a6e70d8d6ce95220c2f984e927cc9ff00da5191ff000d42024e9025b62a97069121764a949fc31c5a1dfe13e3c375224826414831a924fc6dcd89f8926cb00892e156aad4a952a50852a54a94214a952a508528371367cd60d953ae1db64da54792533ccfd37add9de6ade19953ae2a1291ea4f2000e6498007324523b9992dd6d38a71828514a8a0aa094caa3c8a8e6024db78e914963b1870cc0f0ddabc6711f2ba17b96e52a797fed0cc05e3f82c2a6102411689998b41249bde0075692550a74048b696cfd0aba9fe5d8773b2e6598990852940ad20e932494dac60da40b5c7da3d6ae9c48baae6f7511cfb0fd7b564bfc7d9b3feb64bb504c01f73cec00b9232536d3947df574ebff9a1f8a75414948fb53178da4efedf5ad2c6604ccd8080077efdeb0c4620293bf2ff0015462fc469be99acd2780e00c1dfebbb942b98d2d5a4662e6ad0a00c9368dafd7eb559cc436a3014527983b6f555cc7f9a2dabda481b11f852ce678c7dd53a8659529e01234c8812049d5302c4ef17b54bc2b1789aae735d25ba13163bb2bcfb6e09bc3b739efd510c085629d52191b5c92a3a426624fe514d19670e861d4b921c25252e2952081b8d005a2499993710444525704611c671aaf11452a4a60a1174990150a59898b6c379bc6fd492a9ad76c448dfdf77462aa926187e9f4efe15949b502e27425681046b499154f8cf34770cc875376c2a1c8dc05592a1db54023f981e575fcb3058ac6321f6c86d2e0942942640262448239d25e215aad469a0ca733124e5e83e4db9aab0f48362a9745d6ecb33b4cc294072209a4fe2c515620a9452a0a8300ca54764c9d4424c01e5046c245e888fd97e256ef8afe21924905412d921502c0c912369ea2ddeace37809e3014fa1c4a7e14a91a74983f08122e6397cf6a4e9e1bfc719c8eb6e463f1eb650c4935c7d2125e1b0f299d5ce396e237b4c9907d493dc94c2baa6d1e504f9bcc08b8de7d49123f3a67c0f00624895a9a6c1004aaea98806c01266373d3635732fe014ad6a529f2b48527416e210a4dc848320242ad041dbe6cf9155f1637e43d8c1fb7aacfd9701063be48470ef0fbb8a7d2f96d09674a49d424ac19d85d316d8dc73dc4757f8524ef00989e82aab3872cf88b2a2a0a8213c9302084f626fea4d566f12b290547cd178dbbda99388a58001907688f6169eee98a744bc4ac70188c3e3109596f4950514836510080482371313ed34498c0b48f850077bcfccd5561f833445d4ea4900c48b1e9deaec2d4a58805fb20bc6b02785f9f285d76db06cc9859140a01c47c36d6245c043d109700b90360afbc3ea39739b180c6ae4a546482419ed457cab4c7e81a9d0c73312c3b020ee75ba77319ae54a45860ae4b8dc3bbe27858896f10820b6f02012a884ab56da88101c3e558f239c94867e0ee2a249c362610ea7b10929074ea40374a66ca41bb6ab7c3107f3dc8dbc5345b5ee3e157349fa4a4f31cfb1008e599a65cea1d0c2ca90fa08387745c9204049fbead364cd9d44b66141210d0042aa576e06bda4fe05e251886fc35c25c442540190094ea1a4fda4293e642b9a646e934de0d580ca17b52a54aea14a952a5085ce1139ae2ca95ffe9e1d503a3ae76fe58dbb19b6a34c39de5c1e40fb21174dbec8de3a763dbbd6ccbf0ede1994348f852003d547ed13ea6b562f3593bc728fa561789789e1053348bb689ff9bc6b339749956b2938e682e1c2e0ff00080bda0127dcf33dea6216b6d214b0520ab7d3ce2c23f0a616f3047869546f2207516340f3bcd16b42929b1894ff0050ba7ea052dffc6a0f66d0792480748cbf1c5354a812622073571184586e4f97a24dc83d547ac72e54bfc5388c4a1925930b11b2419137106d7134c5c359878ec2166e48f37ad66ee52a255e6104c8d57d3e502c06e2d304f334fb7c330c1a0064c6fbf7f1c1587e925aed170d633579fc4cbca5058e5b0037b010053d707e3949c496dcf85d1209e6ab99ef3f9d1c1c2f8567105e77ceb3f6949480276881ed407f698e784a6310c0d40009f2ef215223b89a629d365310385b804cb5d2c0cd2334f61883b513c22ed14bf90f10358a5a1a04f89e1eb5dac2e044ec557db95e9b34048f288ab8b81091ac60ec9cd52ce300979871a5a7525c429044c594237e51bcc56591613c1c3b6d483a1316db735bd4687bd89572302b3f118c661c87b81d4003a6f8506b1ce101639ae29415a455dcb703a06a5dd67727ecf61f9d53cb11a9d9372013fd87e3f4acb89d4b2de86c90a37b6e6395238478d8a98fab7bc301d2e0718326262d077a9d526d49bbafc55d7316854a400b00c1b8b1def43306da70ea2196909428ca8026676109d808e94172560b614a3a82cc820f4d448add86d495ae56a5254752419f2f513d0cd872a5711e30fdab1b8dd1d6241e39fdd14f0d201704d197b8b50d4e04a4dc694a8911363240326b5637047e247b8fcaabe5ef9b5e8b3cb8492015402606e6db0ef5b541d4bc430df5e9ea0ef1dc68a8707517d901649982083d0d1d6b61554b61c8244287a4fa1ab285577c3b06ec339d2641883af51bd76b540f012ee255a714b039c13ea451ac11f37b503275e216aee07c847e346f0695850303414aa4f3994c7b1f37c8566e006d635e5996d93ef7fc754ce24c31b39ec853138b0871293b286fde8671770ea718d0e4e22e83b4ff00293d0f5e460f59c3357b5e20247d9027d4dff08a3d84f863a569e1718ea98aab44dda0d8f4b8effa5ead1d9a6c76a45d71ff00de1695fef08043ad9d0fa0082b05526dc895ca87dd78117f1a0754c83344e21a4ad241900c8e6089047491cb95c72a4ce3dc1782a18d423524f931094d890612153ca6c2792b4117bd50e13ccbf75c478732d392b418dc1f32c4729ff7800b050793cab4858a5a5758a958215359d4d0a54a95284240c56295d7f5b9aaab1107606f7b4fb9a606f00da013f11ef7835938942e352418f4eb5f330c0d21a75fcc27b649ba10e12cb50a05524a92041b4006796e3ad55cbf04f3c64a4348e5f6947fb0fad18561c2c46dd08e5fe2b2cbb0c4bc029c234a547c304695c18d5b4d8a87d26bd5782e2c55a4d63b3168ca47ebe37ab8bcb1b6cd53e1d0ce1d4e250e7916e048414c14a881373b826fb441ed4cc4566db294fc294a7d001f8523f10f173adb8b69094a0a491ab4959201dc0f853ca49915b73b0003ec156d0fac6467a99e9de698f35cb43fa524948329240bc10623debdc4f0b610b41b5b6569041f32d732363650fa5ab9af0a677887735c3075c5a924aeca5587f097b253e54de2bafe3e74d5150fd2e780bb583d85b4b6adc39941701c37836161c69b2850e8e391b11705441b1a2988c57d91ceb4b49944efe9419ccddb53cda12b0ad414411710239edceb271589753a36b4f67d90ca409e48a38c989493dc5687a6ac627141082799b5086f1aa50848040e75818c14dbf4b49cba0ef557d263dc2515c955fc43fd3fdc55dcc12a3b7303fbcfb6d4acd62f10de21a5793c1987441d504112093100c28da7cb4e18a68287b1bfad6d787b7cdf0df281b827237b9fd95462416d60e3b92e2aab39894a4a52a3054613dcf4ff00cd107db00c0ac1b67a8b7a57966d376d1691c387aa736c44adb81127b73a3b85634cf9d4ad467cc663b0b580aa380c3ff9ab599e2c34d296790b0ea4d80af65e0943c9a26a3edafe7bdf2b3b1076de03554c362817969ee6fc86d3f5ab2ce250bf85495a48b1490474b1141f86d1ad2ad52411e69e64ccfebbd789c0b7865b4db400b4a8800151b095753037ab28e39ecc20aee162e3ce0be001bec87d19ac58341ee02d997e4a59c4ad49bb2e242892a255e2031b458698e7cb6de4a6638f4b692773c8753d2ac0f324c6f7f9d2ce1d0a5ae5724f4a8e3310cc0530dc3b6f50db769ccdb41a74452a7e6926a1cbdd6ecab0ca92b5dd4a3269859b266ab61983cec3a7e75a3179802e25a4defe63d3b5182a6dc1d2f36b1b93ae649e1d5155ceacf81fd42cf17874ad2a6dc1a90e24a543aa48822b9362b06e32b770ca57f11856b69640ba27503d2c48574014f73aeb19c3a5b425422ca0153d0822dd0cc527f1ee0f536ce3123ced29295822ca413b2bb19523d1d35b0eaacdbf2e7ea027a4c7633494262e0acd83ec2791005ba0b823fd2a053fe9a6415cd383b11e0e2148d528579d24f34aa0127d65b5c7feeaaba526ac6991080b2a952a5497528b8eff00e2ab38fd03cd7888231cd60d1a7ce4852ccca4f87a9205e0c923fccdb1cdb3464254158800410740bf7bc5be62be7d4bc1abbfea3001ef285acd6130b66739ef860a51257f44f73f9563c179e27c75a9e749529010847d930428c75518fa40aab9a32d3aaf0d2b285185c45e3b8f707e54c384e0860253e28f15636e413cec01b9fe63f4af4380f0d6d0787d3831a9dfac6eb2a9e41bcd88f5bdf80845d5c44ccecaf97f9ae67fb440b0f25d4a57e1b8552a093a474922c2f6a7c77855b513658263edae37f5a69c26192db696d3f0a440933f3ea4d6b9639dfc8ab0d7a542f485ce77d172fe04e185786318b275ac7f0824dd283f6a67757d077300de5fc34e398cf15f51536d83e1c38e5c9b0d693690276e934cf9d25096cc00957d922d7f6e55870bb857874b8a9f3c913d2607e13ef54b853a8e348de20955beab9d4fcce308934d250980200a4bcd111884d80494a80207c2a9d53e8abcf74a7ad3abcab1a42e3978b2df8c1248449213bde003e93b9e559de2ac25ad6300dd1ceca581bbee530a30485a52572ab0e703e95b060da6c128401fae742b83b30f1b08d2cad2b54428a4400a9b8837b6d7e9461d558fa564114d94c88008f91ceea4f2f0e2c24c4e481e29e3ac74bd1bcb732484e95d80d95ca3bf4a59c46290a5800cc1dc6df3adb98186a3ad67e1313530b503dbae60ea38a76ae1c546b5a44231c4f8d7109030cc78cf11aac0425330144c817bc09be93d2ad64ffc46c15d9762b4023ca7a5ae294383f88432a5b2f2b4b655e459d92a3b857449ebc8cf5b3da30da7516c2525665463e2300027ad801e8057b2a74a8e27fdd13bc6ef4893cf393bd64d7a5530ef2c2791de3bcc68ad00123900293f39c62b14e842012da4f96df12bafe5fe68ce23295ba7f88ea943eec40f90b7ceafe072d435f08bf5e755e22962712051637cb66a49127800091ddf71ed2a94e8fd73b4ef60a659840d3613cf73eb419977c6c4a962e94f947b6ff59adb9e66b27c068ca8d96a1f67b7afe159e0984b2dc01788006e4f2fad2b8ca94dce661a97f06413d321cfbcf3b29b5cc69a8ffe4ecb91d7f1ea89e0573afb287ff5142333cc16cb8986b534ad7a960dd2a04694e98bea955ed1a7d24a350cb454b37ba95ea7f515a7048f11b215f687e88ad1639c18ca20c542d2e1c0f1ea63a25cc6d177fe640e7de697f19c46494a4a8341661209f31eb1fae945b2cc10041bef4158ca1b5be1d28975234cc9b0e769814dcc36122547fc561e059531f5455ab240d4d8039db95b8ccca66bbc526ecb60701f755f3d492d842449528730200bcdf7bc0f7a1e305e2b0b656080b4a937dc48b1f637f6aad98e7403ea9b84c0007a03f3bfea2ae318d2405da0f2a7aa63b0adc59aaf2e0e12ce1b2353b84c9cef648ec9221206567fdd9d94d2bc35f6be824fa7889ffe1aeaf973fadb42b99027d79d73cc76080c5625b0203c12e08eab947d14e13fe8a75e1bc4eb6a7ac2bfe7485c7b4c7b56d533dfc2a823352bca9572eaf9df3dd4a7fc70655a82927f01e916a0f94e212bc534cbe9d5ade66f78292a85248d8a4cefd446c6ba8e71c229d05086c247229807f39f5a0b95f0f21cc4615a53505950597245928f347a120098e758b85c4d371d82d2d22d06d96e5a6cc4b5dc13c2f2171c2a587346c130844aa3bc4c016a2588c7b4970365c485ab649224efb0e7b1f95154a8116a59e24e1c5625c4ab5a5294c5827cc6f3f14cfa74de9c7d42c1b4c1297355ce227fa098f0adda4fb5592682e5014c3096d4b2a28b6a599244da4f3236f6ab4f3ea5a48489343b12d0d260cc4c467c145d4c971bda73497c7d9d425484aa144408dc4cdfb7eba56fe0175e4611a4bce059578840982802fa4089526ca33b0d85a289e1f84d2ea55fbd04a8aa094a49b4191e6b1ed68e77ab98dc2b0da002d8094a7448f8826e2ca3e61124ef596ca3528b0d5aa60b8cbbf1ad80f84cd4787453a7040e1f759b18c04050320d29f16e7a12e692d29485248b09ed0474337f5ad5c3f99a12f3b8700801460a952544183d394580e57356b36c3a0a90b58274998fcfaf58ed5995eb4b431f719c6b95a384fe7457e1985d71fcbb957f22c0a12de940081327440bc76e7b7caa8e7fc365c856a25490ad04924491cc4dff001f9d30e4aea56d85020fa5619c62e3cb3b6f4bba98a343cd24edfc93a71f9526d6a86b1d949995eb6907f78094b89170936372011ce0d1b6f26f118870a82957b13e51c852c65d88462dcfde567cba8a5923cda920d811ca483634e586c42e01573dbf5d7b5575dae612e22fac47d27d531571264307f2ce7a5a3e4a55cc7252d34e25425306143b75e949d9471ee61853e132a4b8d83012b429600e44410523d0c575ec73e0209dc9b0f5ae63c48e00e24126e15cfd373c853be178c70791133acf0ddfb55e25ceab40975a3867f85d5b8578a538d6b5b6521698f11b3328247add2792b63ea0817f1b837dcb78ba53cc2444fbef5c7387da5b6a4be1412e6b1a6e7cd71e594db4903d20d770c1bfe2212b49b284df9763dc6d5e8e9d5a78b6ba9926db8913e847558ad7161da007a4aa181c97c31098f5abde121b056b22dccec3d3a56ac5b8f8f874c7583f9d01c6a92920e25c54796e5274dd5a45e348bc6fdab3dd570f833b34a8bb6865b5200e327edd1310ea9f554788e19af735ccbc59513a1845c9369ee7fb0a60cb0a7c34a87c24483da87e27250f36a6d44a50605b78041fac55dcc5212c96d1e51a7480392620c74b5aaef0fa354547e2ab6645b970dc3e7350af51a40a6db01ddd00c3e7e82a869b52893b9848bfccfd288b81d713a89f448dbfc9aad80c0a13b0a05c5fc62db492c32b056642d7234a07313b151dadb5f9d1e45475070c43a045836d1cb5279caaea54683f4ad99ee1814f8807993bc731dfd267e757f247d2a4a4761cf6af305a4b69525414d691a55bf2fc2a96191e1b852262c47a19fa578db8001195c4ea3777bd4f595e67cd2c3ecb83eeada9ef04b7f5513fe9a3fc2aa82a4f2f347fce543fe9526b17b4f86a2a13a4050ee4191f5ac786d1a560769f9b681ff6d7b1f06ace7d0682660c748b4f7c553504393454a952b6e5410d75320cf2a58ce59805682411cff115a787b8a03d8d71954c2d3e53f64293f667ef14caa3f90d6dcff1014a0ca08d4b3a47693b9ec37af375dfe6520633917cf3b7b2e93170bce1de2125b4adc901454013fca4827d2411ed4d587c6217b10693388180d141427534dc029fe5023dfad0a3c63a1621234c893aa64472b08f96ff002aae8d7ab41c591f4826d9db9f2ba954c402ebaddfb4acf0aa70ad0047fc43df703bc6e7da96bf63b9b2d8c72f0ab51d0f02403f7c09491c8480b11d934ff892c62db0e00958ee2e3b4ee3b8ae7f9e6019c2e3187d4a2cb6971275027cb075c1e64488f78e74ce1b1a0d7f2c8b9c8e87bdc9f2e63e8868efbfb2edcfbda4551cc30fe2b6a06da8107dc4558c33c879b43a821485a42924190411208adee2929499200ef5a15293aa6d6d1fa612ad7ecc466b9b70660dcf2af10947ef110b52444c1204f2981b8a70c4e1c5086b1480fae088e5dfafd6ae1c695181f2af1556a325e1e249368c80e1c382d6a8c71702db5bbebbd6ccbf0de1f8853024cfd284e6b875b895a54635020c74356330794c9d4640541264c48b7b55fc0305490b58b9b81f9d0da752a16b5a088dfa5e72ce72e680e34c79ae833ef096f20e190d61c212549055ad2a5093333316b55e79c502a50495241bc24dadb5b9d1ec75d264ed5403de522bb8afa6a90e9322799e3c242e53703f56c8e5b9095baa77e1493684a79f7f7a59ccb20c438e496e2260952796fcfd051cc4e3148792477a34fa6c957250127bf6fd7e152a2e7531b4c1f7b65eaa18eac5a3cb02d65cc70bc3d8d5bc97004b09428c157c4ab41b0d502091122c7ad767e1659f048264a54413d600bde91b33cc941d296e0a53b932223dafed1cbd6ac709e68ac3392f2945b76012661b201293e9720fb74adac0629c3100d520022075bfc8d4eb6b5964174880ba56aa0bc4180f1cb6859059d44b8263604a64ccc4f21d68ca482245c1e75896474af4756997b767bef7a85b555ce29204246a8b08dbe741b89712a6b0afbe480a4b6ad33b6a3e547b6a22980a00bdab96717f18e1b14f8c2a564b089529699d2e38364c8fb004904594458d86aaab3bcaa65eebc0c87e3f6ba4e8bdc2b98a791a96f8426de50370ada622dea7daf4bbc6392942505284af51548008988067cd1f289dcf7d992672ee23180201430dead690a32a469d00948dc24c75817e94cfc66c15300b67516d417283b0820fce7f0af26eaf5e9629be61e9396e07d8f50a7b00b091fdaf381b184b696c81bc14f4e91dbfcd1ecc706922c76b8f4e9497916304a5c6d4146fca0a8730a039f7ed4e79366aa79c215a45a639cf28ebbd55fe19ad88d80624e71306f3a8b7632b8ca83660af33252d1879208984f7bdfdb6a2594a7f8a9f41ff007557e244294c1081242d2a23f940335732c1fc46cf54cfd27fbd7a8c160e96181a748937137d75cb2e4a0e7171ba60a952a5692e2e2dc4ef848070e3c22d2829007de1707bcf3eb268d710e15d6c92ab4dca93d7a0e948bc559d068684c29d3602d099e67bf6fd1e8ec66fe3b0891a89f8d11cb691d2ff008d78f1426882fde48e394db71d3ae6a9ce6528b7c5e5bd48740526f7e94a6c61dec43aead804b448d3d8f3d3dbfbd14cff00879e52d496912da84852ca5220f2f31951f49355b2acf9cc2e1832cb72f110a94fc1064c8e441eb4f3416d20698926d7c80ce7dba715017fe4abe1734c4e117035a0f349163ea0da3bd3a70fbaf639485ba809093b41b916e741787b2c7b10843cf92b71c3a8cec947d903a75f7a72cc582cb43c284b8949549b088b03f8d2d5aad27bf640b8cc83de7f6b2730920f04f986469404cc45507b0124a8a8a8c18935cb57fb40c44b3a14895a0a4a3e2876446c679802fccefbd3de073d0150e2c7a923fb5395aa52aa58daac31a4e5bbdb44ed163c976c663ee963168703eb013e5de679f311fade9a7868b4a652e36756a173df623b41e55bf0f85656a52b5a0827ad2df08bcb65dc4b5a6501c31fd5bfe07f0ac97e1cd101d52206ebe5698e368eab56ad4f3a996b73113c7fa4d79b250a6ca5677da8764b98a5a4169d55d1f013f693c87a8dbd22a9664b59249a55c76624aca39a4dc73b8fcaa9a559f52a17b2d6e7d79ab70f820fa7b0e36cf91e1f74c59de7bb9261224c0e94a2be3d89f0db2afea302a8f11e63203293bc6af4e43dff005bd6fc0f09abf7718859035101039abb8edf953b87c0b1cd2faa249bf4de7bc969330d4a9b0074006c389545fcf9f71c0b58484c8f289b0e70799fd5aba065999b6fe112e49941da6c76036f4bff009a5a7b2ad43494a440ebf852e63b2a79b050956b428dd20ee76f49a69d8763840005a3a74d7db7a43c4b00cad4f6d8608ea23bde9e7138e65a1fc4502a24989d4474048000f7237aa4ce31e7616b421a6af75ac099dad16f9d736c4075a7036f1d28401b199e70391bc4d3162f3853a84bc9ba76d2a22cb1bc7ddb6936eb5555c016c6cc19d7772d24fb2f2a5a3306cba1e4d9c78682a18e2129b69d2d16e49f2c26eb3eca137da89fff0097e24a014e15c32090545a413de0ae44f2eb15c9b8633768be50b0e6b7202527cc01124c7623f0a6e39821b7426550ab2ed0018b188eb03d0d71f571587ff5309de3bfc101564ef538af8a8bc85075ac438d800967c54b693d41f0b517076518b6d42f28438b080109491e6286c426f633a899b18b9e546f31c08209882647f9fc2aff000c3490002948524c2adf10e47e6295ab8c2fa5b4649e249f6ddc82ed36ed3a0ad230430d07c349539bc1f283bf49e86f6b56292a6f4b8b714851512418858b5a07c5f8d34e6b875bcdad298b094102f32001e942b26c9e494b8a2a509044c2676d844fbd2e5a498379302d13eb31d9e578a601b25ce11ca997710eb815e60b2a6d085444a8c05017d31cb631ce9c30f840160e84ccc1b13ebcfac55346449c3e212f2210a582d29204057da4a8748850d8ceaed46f0e12bbe9d25267d45c48fceaca85d55c1b2446fe198e620e76e64aab676735bf1aad4d2fa6db7700df99fc2ab709e24afc2b7c2d09f769baad9f624a30ce049baed3d09dbeb57b82db1a4ac6c4240f4e5ff484d7a4f0b334b6b79efa28bb34cf52a54ad542f9770fc2b8b7034e8d0a4ae14145c008bccac1f34fa0277ae918242b0ec39a5492ea5295a944109806427ade0fd36adedf05bc86108429274800f9402a1209e7ce237d80e77a018c56310953454656b951803ec005298d8054df9881cabced6a8e7105d68cac42a20caa399f1a2969486c149d5a6266d049d234850e93302d116ab7c3181969d246e9378bc9de4ef3f5a55c5e4b886f765c42240123726c3cdb5cf7e75d6f23c2a1bc286a46a4b7101724908b92048dc1a2b31bb100ef3cedf2b8db9491c1d9b62497181f0b6a80b806d3f0ff009f4a37c519b108d0a4ea2e7c53b04f7f53cbb1aabc298f4e1f12fb2a4132b52d01312a0a3369201e973c8579c7b892b7521a514820491623a8fed6a59f466a07c80272beecd3d83a2fab5361a609b704af85cad25d4e86e42805261307e2304734f2fa51a4b4ad5a4820f7a61e02cb09529d37e409fac74a1fc4af04e297f2a6aa52daa6da8e26263a2f65e1e3ca3fe340da689246a650d28537250a20f6314c7c2d9a050f3195cdcf522df3da97310e52e3f99adb502d982a5116a56be0c566ecb734fe2288ab48ed7aaeb79de6c86c0484ea59bc721ebf97e15cf336c0788ef8d1a5c889d445a7a4d1771c52424b87cca1eb78b4fbfe142b1cf5858dcde2663b54f0d459446d0fe445cefdfd3a25f0984a6c6c083c73421cc2290af1152abde4efee3e54ec714e39a4c0da1291b2001b0efce951dc102a4f87a881a4a8117e5aa23ec8e64d34e0d254952653a7ca482a00ed169f5a9e22b1d91b1d7457d60c80777b4f09fef243f33c2e21c408d90645e09ea41f43b76aa58dc12908d8020149324495494a8729da0d8585740cbda4a9a48bedcc83f8509c6b480bf01d1a499536a26ca1cd33c8f2a9092d05623d94ea3aa1b82641b9cb5201b73b656d121e658753c8f10cea48d31fdc46f3727ad07e1f7bc375c1f135a7cc957c2a1a80bf43055069d16c12f39f027cab2528d811000205b91f75508e1cc835a5f5a8290d152d1ae2ea170035d48937e4418d44692dd1ff00652d98cfdaf7f4de97f10a6ca78701823216e47f079ac0e15b65d4bcd25dd409d28bdc90458efb1fad1bcb1d77679929235692e16db241decb52547e54cdc39c2ab0da508058686c249599fbc499bf307cbfca9da99b07c2cc2046927dcc7c85be952ff058e10f25dc72fdfc2f3ffe3ffd14a85d490995b498004175bf7fb5064f4eb55939aa70ee15ba952524694129306e0dbef7b4d74219331fff00348f41154313c2cc99d12d93bc6cafea1f6c76548ed5437c22834c82eeb07ec148d28320a1d85e224ac79568831b11f4a27fbfb2d79dcd2dc9925462e7d7ad29e67922985a14a84683e5712004ff00ad3109fea023f95206aa1393e48ebaf2cbe5c5235ba00528920059d2547bc8572b1148e22957c3ba49b6969e83283ae9e8251b445884ed8ccef0ee884ff108208291607699ed798ef45f0681e6508bedd00b5850e6700cb0d959809426f1170072effdeabaf16b6d8562169f0c3601420c6a92606afba493b5ea387a188a95454227a891c74194c05c79192a7c638c4290861b50515397d2418881063620a81ff4d3870e31a591defedb0fa0a42cbb28d4a69706e4848ea6e09ecab9ff0096ba730d84a4246c0015e930d4bcb6c2ab332b6d4a952995d40dec511b0fd7a5735cd73453598e109ba4ba42c1db494904fb4cfb5749c492904c9b8b572b4e3909c7a5c7415a521cb77293f9579bace77f90dda3601c6377a20e49f717836f18d14be8052a2a848541484989b1066d3f2a52e24c27ee80ad0b52da4c05cc4a7d622522d7e5f5adabce82960c29130a0537066e253d6aee297a9a3370a04aa62e0ef33d79d2a6a0a90d736779d4e9bac75e004640456d01d2b9bf12e75abc27d932e208102f3262075e5f2a7bcff2974e11b7de1a5e84eb40fb20cd89fbd244f2e43a940ca1963098b2e25217e179d215263bf3950e563c8ef5d599e2dc23d855adc20a523cc9244cf437fad3b543034307471f8fef34de0b11e4d66d4dc52b643c6070c9537122e47bd01cdb3af1565717340ce6cdbca525b4aa41247391d456853a7a55bb0f2d0d74db45ef70afc2be6bd3cce7fbdc51dc3624ac104d086c6a79007df1f8d570e9b9076ef5b700d2ca82d236823f1a9406b6eaca95da4c689eb32712e048209f2836ea0983dee39ef42702109750148064a8026e41eb3fabd5a46279ed09833d37f95f7aa08c3a4a83855b2cc2398004ea926f26d4b9888091af87d91b54da0b89026d6133bb28b0844718a21dd0da56a2b10a08b4c6d24ec3f3ab197bc9046b0ab79561313e97daa8e60a485686d7099b2c6a9223631f2ebed4b2bcdcb2b8de7e21331ca4f59a8330e6a826331d5320b430ed98062fc74efd5757ca71fba1225624a533ef72045bf2ad18bc4378d6c25685a5690140ed178f29e7d7de957059d216caca604052b549f2f9408803bcde36355317c58b420a594c2a202cf2ee073fc3d6ada549ed6ecc8ef7acef2cf98e734105a441999b4db819fddc80c985cacb8fafc470e948d4eab9e9e922fa9447d0c5c014e591657e214bab4694a4434df2427616fbd1b9f6d852df07605670ec21c254b7cfef0e9277493fc31e91063a83d6ba532d80008db6ad4a74f60477c961e3714eacf9d0587dcf5cb80b71392535ed655e5589152a115e57b42ead4eb214082241a5a4b070ce86c92195fc11f648fb3e9d3a6c2c400d3354b37c278ad293cc094fa8b8a8bd81ed2d3af7dfe241e10bc4ae77b8dffb8f7a59e2c25d719c2a7990e2ff000403f527d451ac3e24787ad7f0a53a95f90ee7fbd09c8e56a7312b1751b0ee7603b44007a18e5560606343077d94b947b2bc282e0fbad2401eb16f908bfad1f15532e6342003b9b93dcdcd5cab90a54a952842436f88c3d84d6949d6b052948b9d76948ebbdba8823715cd1082a5acafcabe8a904285c020dc1fce99337c19c23ee21d2430f1016a03fddb97d0ea4743cc775a493614471a856352db0fa51e2b27f88adcad3108524c7990a0649f4da62b371183001a9249023bfca890b92233bc489f0c4a01362253bf5dfe469a308f62dd682569f0a791b9ed6fd1ed5d3f0fc2987084c20797b6de9d2a62b8651ba000403148e25b548965316ea54360ae6b937ece94f3b27120022542fe20ec2447791f2acf8d58c0e01afdd9b682d6404952e14a3371f53f5e544f34538ca8e9f2913e6dbd23bc937ec3d94f3e7c38b0eb8a4976c0852415c04c956c2003a2209de6d735550aafad1b66dc358f8e3af25c9034bad3c01824b32b7d252a54e94c7988106c3de9e9d39762094965095024495449dac458ec691b2c2b7038757c26f1009fba1327ca277de620dabc635404a824a6484c74d4130412751b6fbd95bda27568f9955d51c6fc3d6d69f4cfd8769d6735d20c23f9bf0cb48415213dba8f9d0cc470d6270b86fde01252b1e647407623e96a6ce14cf3045010b52e3ed2550472da39515e3dcd5b730c12cdd248e568e5ed5069731a439d37163739ebc38a7a9622a31e1d294721759c4b612a242d2202926143dffb1b557cf30aa65612921c044dd311c80b1827da9459c43ad384b7ec23f5fa34d3976354eac2de1046991d05a687d2a945fb4d77d1b97adf0faeea860ee9e0aa861e50b0091fa34bf9f604b4b40362a4c9ef737fd75aec9c4180c378497da5a53b0d23ed7b75ae63c664296d11d15f88a658fa8cae18e888d392b6bd5189a3b4d0441cb2be5dc2bbc35941530a56a282b046d3237ebd45136387428b7ac03af584eda8690a33d858ee3a46f5870d6628080d734a493e9346f13850d2b5ad1a09438b4cc4c284ca6277822e7991cef4d3aaf35c8765dfb405c730d3743733c4e834131ce04c5939644c00fac0101b43481e8100ff007a6714afc39890a754a1b3886960f50511fda99eb6b52bc79d27becaf4d78555ed4d542e284d795157a94214af5352a362ba335c3924ae255a921b6c18428acab94e830013d224c0bc0244e98a39c3d832424a81005e0fd01e53b93cb52951caaa637005e7d8e894ad44752a5850f6113eb17ead7866421200ab1a2f2a877f25baa54a9535c52a54a942104e22c9938868a601541001d940ee93d3b1dc183d41e6d85d6cad1875ab4b8827f7479761bdd977a09b76262c1503b1914b7c55c368c4a1442415734d86a8100826c1605813623ca6d053c2b842df93e343cdcc149ba5683ba142ca49ee0fcc41d8d63877537857c24a48efdfda293728ce57855f87882608d2878db569b04bd3f0ad311a8ec2cab094ce0fc73dfbee21b7905215e70931295080644c90a117fe51d66b3b10c76db4346fbae6d415b3f699968532563717fefe95c9b1ae29485d8c91a92af8476daf24c802e2e36aecbc74f80c280b9208007ebf535c630985c4baef8500016023a1dc9e700449d84d2cc80f7e8019ebafaaa9f9cab1947999920a577077f4499836d529836e47ad10cb590f38a29479ca34eb06444699db4cfc423d60c6c49fc81e6d00254024274ca46f72af37337363b6d4f5c0794301bd623526752620a493371b46f0477f41583e63cb5b9fc0fbf7280d9375c9f30c850cbe491a4c8902d735711845e886dd5a473f31d3f2d8d67fb43c7a56e3f1b48098ea08823d089f6a0d97e70b79bd37f12c929ebdfb08fef5d02abe9874f0fc26194de5c363345178c690d83a478b70ae624731d41dfde876173025466e77f41317e8269b72dca9a4995341d4a012a5924022e3c839fbcdfda8d3d95e15606869c1af4a0120a4dc18dadb6e0ef1b5718ca5712279fb05ed2854349ad2e17d605bdc88df748e730e466282711e2a5c64cda0eaf7346388f2cfdd89f379601bf349dafc8f28a58c53be26952428c58f94e98eb3ea6aea14035f31bfe1358fc431d4b6587eab11ca7e37a61c931284ead4373f1037b721d67e9146b199c15a14956e440bec91c85ec09e5de94f2748320b9a6c60912279031700f5e554b36f1564a56b249b91b027fbd485169a92ab7560d67985a49b18b403cf713739fa5975efd9de7a971b499f3327c25ff41bb67d07c3ec6ba724cd7cc1c179cab0af0544a48d2b47de49dfdc6e2be86e1ecd10e213a5414950942bef0e87a287314f725e5b10c20ed916749fb91d3e211caf089af2bdaea5e17b526b1aca85c52b17d4426362ab0fcfd85eb25a8244a8c015a9949715244728e83a7a9e7f2a9b0495073a16dc16180257cc8007648161faff00cdeaf00af6ad54a952a54a10a54a95284295e115ed4a1080f106408c424901217179f85606c151707a2c5d36dc58f3ac6e15586504b8959437f0a8478b879988e4b68c1f2ce9b2a0a48f37622287e6596b6f26162089d2a11a933d0c761620830241ae112848f94668ca9bf0f1011fc4b2312992959042a15376d408129311cc26b0cc32c6985078e901663fa8c6ff008fc875ad59af0d3b85529c6884a4fc56965606de220ffbb23aec3928295605c46f2f1084b46192da480859f29f470d85a079e00b0d6a359f8bc3873006372d3bcfe541c2cb5e3f3a173b6d1ca001d845ff00bd2fb9c4cfb52a4af4902041e47707a8ac70591e253e2071642804786d380f98a94028a55c921326c44cda60d56396f8852ad4117074926e01920188f9f4a40e1db4883535ef9aa4c8cd35e57c32310d871452a52b90311d77de85b79404e21c6da1a9493a0693f6f75198b04edeb35a59c7f8435036482441b802e0477347b8230e52d8755e62ea8a88eff9c19ae6158f24c9b2def0820b5d508b8b0e67f49bb20cb93ac025b569253a120c0f280a266fe6236f53355b1987009495b967141a4248010419323ed133dcc08028de5386436b5be4e94841d5ed066dcf7f9d26bf99b6a5a964c6a2755f912a909836170791949de6699f24340681173af2bf7cc4109c6d76f9ae97683767791b873cccc1ccaa9fb45c221cc3ea372094a8117882b4cfba6694f8470c56bb8241b0d363316bc181dfb8a35c519bea65c208850525023fa5324c99b0e5153f67b01b057b826fed1f8d471352d2352b670eed8a01c3fe6c46e3717ea7dd6ae27e19083adb1b807dcde9454bbe956e3f5f2aebb98ba1c4c493e52a92236fc6b9c67d942cba9d024ac2ac01e51f9d51877ed3b6331a2b1958f93b4fcc67c7f697b12d5f508104f58f4a67e18ce71586b84294d98252a9d27b83d7b8abb90f05baabb9013b1936efea6ba1e5b94b4d30194275b69d4495c40932492ab017ad5a549c6f92c4c76368365a0074e637719de345bb21e3265d48055a55f71cf2abd89f2afe84d33271ed9dc94f6503ff008ae798dcdf04d121b425e58170d00103fa9c8dbd247714aeace310a725bfe17f233fc36d239ea8babb927b85116abcb401758e1a1e4ec03d7f56f85dbc62dbfbe3eb583f8f4276dced369f4e67d22b9ef0e6071f8900a710e68e6ea94ad1bfd8120ba7b884585cdc174c36569c2c041512a014a5a8ca95e192a327a190205af526b02a9ce830adb38671c214b240e5223fe54fd9f555fb6c68b34d84881b5084bca0526491a5b51b9e61c5447eb615b712ec21505520281326fe52677b19123b54c08551328b54a18fccb9723ccd80751e653e5b6c0ed3deb4a1c3293a95c85c9dbc3593378991bf6a17119a94092f2881e62612849b912438904fb8228da3614216552a54a10a54a952842952a54a10bc2296736e1269cbb70d1df4e9d4d93fd12349e7e429bdccd33d79141ba1730c564cee1c429b5a500cca478ad6fd34ea6cf32a52047dea5bccb22f1121787d0a4dfe05ca49e8924981d8a8ff006aee45342331e1dc33ca2b5b402ceee20942fdd68214476262a9ab41b507d4b85a1d9af9eb31ca1d4c0d247b1b9e80c41f69a63e18cc57876c21f4a9bb08f102812058588fc7e75d1f19c18e7fc2c44ff2bc806dd029bd047a90a3405fe16c63730c989ffd3be20f7215e11f6bd5230b02249f45761ab3b0ee96fa15730dc5385d3e75198b7949831c88103daf5431399eb4f8587696a91b049363da39cf3b506c5e54fa552b65626419c11363bcad0dabff00b56a2c61d1065a411f7c3c9fa1526b868ba333e9f84f331ed6190c1bff0095bd23ee82f176478965492f20275f982531d4c83162a10098ea28c70c61406546e02402606f2a00fb0dea9e29f6d560ee1faf95d54fb6b71423ad85596b300e420bd20580054a007fa012af95218ca0f77d2d060f3fc2ddc278836b519a8e6b5c33b8169d01ced6eee5f118ed66125453a4253ab7481e637e6279d53c066d824e9701c43cfa757970e973ca09d95e64a542009991f2159ab08ead3a5969f54eea0c383d81202523d4dfe9596138171ae81ad9544ffea1f023d024bbf80a6b058434bea70be9c165789e3a9556f9348fd3a9df1d3af1375ab1dc6ae1b34cb4dde353cb2eabfe440d283fd5435fc43cfa75e21d52d09dcb8a08693fe849091ea15ea29e72efd9a1065d7909daccb627dd6e95cfa84a69a32ce12c1b0a0b4b5adc1b38e92e2c7f4a964e9f44c0ad1327358ff405cd72cc81e7f4f80c28a792dc96da07a8f2ea59eeda215cd54e99370132dc29f21f508213a74b493d9b93aafcd6547a4539c57b5d84179365825115e29b07700d88f63bd6ca94282d5e127a0e5cba6df293f3af3f7745fca2e236e5cc7a56ea942151c4b311a500de1564fc316df94c7b5542959d7a42494a549490911f08200f492072b99e956d6e02a33720f95039db73efccd87ad6fc3b6529bee6498ea4c98ed4210e702c95696fca92da40291e6b82a371b445ff0097b55bc0a235ef3a8ef3d02447283136eb576a50852a54a94214a952a50852a54a94214a952a50852bca95284295e1a952ba85e0acaa54ae210e7f7f7ab386daa54a92e2f456e4d4a942eacaa54a95142952a54a10a54a952842952a54a10a54a952842952a54a10a54a952842ffd9, 'salad salad', '666', 'salad');

-- --------------------------------------------------------

--
-- Table structure for table `reservation`
--

DROP TABLE IF EXISTS `reservation`;
CREATE TABLE IF NOT EXISTS `reservation` (
  `id_reservation` varchar(20) NOT NULL,
  `id_restaurant` varchar(20) NOT NULL,
  `id_utilisateur` varchar(20) NOT NULL,
  `date_reservation` varchar(20) NOT NULL,
  PRIMARY KEY (`id_reservation`)
) ENGINE=MyISAM DEFAULT CHARSET=latin1;

--
-- Dumping data for table `reservation`
--

INSERT INTO `reservation` (`id_reservation`, `id_restaurant`, `id_utilisateur`, `date_reservation`) VALUES
('qsd00', 'qsd', 'qsd', '2021-05-27T08:39'),
('fads', 'qsdqsd', 'mlp', '');

-- --------------------------------------------------------

--
-- Table structure for table `restaurant`
--

DROP TABLE IF EXISTS `restaurant`;
CREATE TABLE IF NOT EXISTS `restaurant` (
  `id_restaurant` varchar(20) NOT NULL,
  `adresse` varchar(20) NOT NULL,
  `img` blob NOT NULL,
  `nom` varchar(20) NOT NULL,
  PRIMARY KEY (`id_restaurant`)
) ENGINE=MyISAM DEFAULT CHARSET=latin1;

--
-- Dumping data for table `restaurant`
--

INSERT INTO `restaurant` (`id_restaurant`, `adresse`, `img`, `nom`) VALUES
('esprit-1', 'elghazala', 0xffd8ffe000104a46494600010100000100010000ffdb0084000a07081515141714151517181719191a1c1a1a1a1919191a1a191d1719191a1a1a1920202c231a1d29201a17243624292d2f3334331922383e38323d2c32332f010b0b0b0f0e0f1e12121e34292229353232323232373432323234323232323232343232323232323232323232323232323232323a3232323232323a3232323232ffc000110800ba010e03012200021101031101ffc4001c0000010501010100000000000000000000050102030406070008ffc4004410000201020403060306030703020700000102110003041221310541510613226171813291a114234252b1c107d1f01553627292b2e116338224f1436373748393d2ffc4001a010002030101000000000000000000000002030001040506ffc4002c1100020201040201020602030000000000010200110304122131415113226114718191a1c1052332b1f0ffda000c03010002110311003f00e5969430d4806a3b8003029934b5d4a89278895eaf57aa4a9e1573097150e69d62222a9d39009d4c0aa6162129a3708b713b91a2813b521c792991c99ea3f4a7dabd6d5201f9ef3436e9924d2d514f88e6c8c07772f60b88e4dc4f43cfe752e338887581f5a135361d24f28e7af2a871adee82b95ab6c2bc270a57ef330822207af5a7713bba1835e475b6b0bb6fbcd0ac4624b1f2a5aa967dc6399c2a6d12026929692b4cc708f02ffbf6ff00f2ff0061ad562bf07f9d3fdc2b1b81bfdddc578989d3d88ad58c4074b6c0eec93eb98561d4a9dc0ce8e8dc6d2b0bb72f434e0dcbde98e4457bbcac33a371f34e9f88f91a8c38eb4aaf52a4b939324fbd2e7a87379d3c3d4a92e48341d759a727327988a885ca5172a51944c9d7502a553436ef12b6ac14dc50c791226ac0c4ac4ce9fb75a2d8606f1ee5c51a6fd3e94f1bcd047ed059430d701331a6b07dbf5a7a71fb44b00f017773017a40277a3189fd459ca9ee1902bc66aba5f06952e54da65dc95f63edfad4772a2c462c289274a10fda0b441f1411bcc8e669c884c53e455eccb78960019ac5f17c502f03615738b7182602b083bf3f48acf399335a531572665cb9ec508c0bd291948de9ee7ca995a263894a05780a5152488ca472a4a79a48a9246d78d7a96a491057a962bd15249e15eaf57aa493d494eaf5492255bc3638dbd82ee09eb2ba8aab14b92a9803c184ac54d8868f692e7e515e3da3b9d07ca82e4a6914bf853d46fe2327b85dfb4377947ca9abc76fef987c841f5a154a2afe14f504e673e4c2e3b457c6e54fb529ed1dee597e542229b55f163f527cefee181da3bfd57e550e2b8cdeb820bc0ff088fad0da59ab18d074251cae7824c7add604302646c6a46c65c220dc78e998c54315e228e840b33c35a716a6ad293ad4952cd8e2175232dc61130396ba9d2ad1e3d7ff00bd3f2142ebc0551553e218c8c3a32f5de2975c78ae13f2aa8c49a6c5396ac281d4a2c4f66366bc6972d788ab831b14e0828e708b7853e2bf6af3201ab5aba93279146027d986d5abe1dd96c062ef22616edc4804bdbba093b48ca4479ec692f9c2760c3084ce7196922b67da1ec4dcb388ee90a10d254cc69e7442cf61eddcb60095bb0b2c1999674cd0a48d0ebf3a5b6b31a8049ee10c4c7c4e7845215ae9563b056907de17733d4a8f4807f7a8eff64ac2ed6cff00adff00fea97f8fc5742e18d3b19cde2bd5a3e37c285b216dda064319963196279f9d05bb867519990a8f31a4c4d69c7955c5889742a6a5622940a78eb12349a96d5904c6a3cc8e676a61328090014a129f75e1a001a694470d63bc0a8b6c673b107de1ba5033ed1664e20d54a7641d2b73c07805cef52e259b4e10895b9107c406df8a20e957313c0bed58a173ece6ddbba606452159f40728e406a49d39d643ae40d50c2fd37539d814b15a9ed076705b37cdb10b61b2b7299ca799d60b44f41401526dea9a9d430df4dc7988a7267575b107751a32a1150b55d1859b6cca64ab811a6c41d48998a68c3c9da06c4eb13d269a1c487994e292ac5fb643141a906205459237a306e0cf0348457a940a9244a69a7578ad4922cd78d79452ad492340a59a50691aa49105786f4e588a6cd492394694e0c3f95372d10c170fef036565cca0109ae6b9aea16040850cc648d050b301dc87894d8cff005b79d4ad87262353d3cbad18e0bc1c5dd72399f832a9d63e2d498eb44f88f67dd98152200cbb09d23700e91b7f3accfa9453570d10bf52ae07b1f88173ef2df83fc2ca7f707e944302b6b0f7596e5cc461ddb2b5bb91ddea54f7824022069a83bb450ec47692fa1391db79d403eda898abb83e3373161adde4523420c446bb47b565c833d5bd57db89af1ae1734a4dfde6d384f10b170037310a47576018faf9d1f4c7e080817ad7fad6b9261f83872c45cb8833340588027cc559b7d9f26e5b417eef8c913e1d2119ba795676d363eee3f637a9d32ff12c2f2bd6bfd428462b1d60ed716b3167b2d2d94e26e91afc2c80e83cd69d73b2a0311f69bfcb9af49fcb41f06207fe52287f50676cae663685bb8321241034d7913d444e94278f7dddc917031232e5de2dc2e849ea73f9ed5a0c7766825b6717313708d914a124cc6d9683e3bb3d7320b805c6f0fde167b662e48fbb50352d3e1ff3103ad6fc2514017d5ccf951b9352af0ac02e4b86e1b791adcab1630ae0c2e61a6b0d3557028b72e0376e84e5204990be127a82401324f946a2e7f61bf706e23b165bc6dddb604941242b151e9d6351a8d6aa6130760dd447be0212818e460c242e600411be600f90915a0106cdff001d441e285492fe1335c50ba9639448ebb1f5a29d9ee1ae6e062d94685ce808139a6237dea5ed1f0a4c25e5b6971c80b9d59cae624a9f0921408f6a23c285c5b86e2ddb7de1cab717f0b072827c232e6058c927979d64cf949c7c1ec40c8b4c419d2b80f0a10b72e1048e43e032a20ebbf33ee2b42140d001036f2acd1c43dbb4a9a9198c303075939607212bfd0a156f8d5c490ec641886266b8aadc702e6dc78ad2eea1db5d9c40d79dc87375594022542903e21f88c8fd7ad729e31d9dbb6426182dc7cb9f35c0a4a8124466888e636ae8638c5823c576e03e4163e5a9aa98be216994aae2926345646507d4c93eff004ad18333a375c45be0561c19c6f138670524052ff08d88218af886ea749d791079d44a1fe1d4112608e9cfe94738a59ef313610ecf75149075199d4120fef5b35ec35acf714dec4e842839ed9905036bf77aea4d75db5698d46ef30174f6481398ab5c82f1a4ea6237de0fb532e8f5277275e75d3aff00616ce80ddc4100cc17b71f4b7d26b2b88e0dde3b2e098ba052486b881cbac86555805b4cb1a7e2deaf16b31b9e246c0cb328ab56f0f8566961b0dfc8733e9b7ce912d12741afa56cfb1fd91188b88b75ae287b6d7250805541ca336653ab128c3aab4d3f2e608b662912cc1167b3df096f5204c1e9ca8663702a970db13b81af989f7ae81da3ecee1b06a8d77198b01d881055b61276b7a6959ebefc30c462f18e4726452363104aac198d6b2e3cccdc8b23f29a9d71d5014667ae6018081cf45d373d2a15c05ccb391b513107698dbda88dafb1ade62f731390282a50267370fc524e807481267cb5b2f8dc09fc78f23cdacebf5ad3bd8783fb44ec53dffdc02d8761f1023d4578dbd26ba161bb2366fa164b97a791b8cac0759007ef54b0bd80c4136d81ce8d7487457c916bfbcce799e8149dbd963578cf66a5b69d81ea611a27633e74e093b6be94438fe092de2af5ab658a25c2a33e8fa6f33beb3af3d0f3a28fc392ce12de212ea3397297554cb286cd9008dc10ac4fb53ce41408f33239da6bcc016ed69ce490008dc199f7f2aea1c2702b8eb630b770f6ac5cc200f014a17307c0f1e2542321633327ca938471abd8db7dd5bb566d93699118a0d5500cea8c4f8499591077274814cecf5cfb42e216f5c64ba96c8f0e550e810fc4575b8de7cc75ac799d987544451c86fae25cb3c28da5b9891945a21bbb4b65a1565a3229dd48869df53b557e07796e0b855488783aceb13b6c37abfd9bc6f7b6fb9754005b032a085c8142881f9892d35478430ef71600000be401b6c89afad735feadd7e2a6dd22b6fbf139b5f6f109d75a2fc2ce5b93d54ffef41af8d77e744386b1ef14120c83004e9a73d2bb5996d61694d389a8e0f64946206eedfad15e1d601c4d80f21733c91cbee9eaf7662c03614c7e279ff51a2af8052f6c8dc16ff63572ddb93facea6ee2a135e1d865d73c9de6413fa694038c22a5d210cac0fd289be0d87c237f2feb5a0f8eb0f9ce9fd452905980828f7170a413596ed458cc05c44bb72ca3be67b5e108e7bb6907e17399773d4f3a3070f70f7802863960069ca490743e54dc462f136307f6762a16e6642c000aa5d66008272cc8f63b56941b5ac40cd64541fd85576b96addbc34db6012f3a8439885fbc372e19f080ca420de7d4511ed9763ad2b61ade1ec95b7df0b775910864ef19723e68f1c0ce39807283d28770becc620e1d8dbb854be47b6519829235cd3b8cc34f61e95a1c3f63eef74971af5cef8104a0770ac03e6cbd3e9fce899d43ee0666d86a8c17db9e136d1c77770235ab56fbb5304ccb5aca24f210c7ca683f07c1dfb17032da5bd9f3082066299752447c331201dda398a7769f1570dc36b2c5c6f0e58ccc4198324c4e9cff0034d3ac5d7c332b3dbb99dd5722c867960b709ca370c00d7d8d29b76cae0df888ca41627d4d09c5e2fed02dddb612cadb2ca14a9199f2150c47e203bc1a69eba120f8962f0e2e5ccd771221e1caa036d4f8a44c4fe58eb9879c10c7b5cefaddd77cabdd9416756c87c25999808cde1075830dce09394e258b636b18bde5a0a6f839091de192ac4af887f749a419f17b2f4f88330fc80e3f38e2dfea15ecc6b62d5b10896aedc6b6ce825b46d480d236e66b75c57b288754723a66d6b9470ab9f7f68fff0036dffbd6bbc62ae54ff21bb0b2ed3269feabb9c7b1640bb649fc174168de15a4c79e86b496fb78a71975bc5dd5c80848128429009598893a9e8285f0a546c75a5b8257bf60475045c111eb15bfc6f661ee5c716970b6ade9950e02cb90223e3cfac904ed5a721c6400e3c46d906c41bc64e22f844b4e2c98249ce4176d326b0213e3d23a6b42b0fd8fbf6dad5cb4c33a8ccec58c8722180d082356d7cf9d750e1f84c88aae0160aa090b94120412164e51e5caad8b4a3f08f95615c8c8296aa1b3a937539af07ecaadb5372e5b175a14804ba8dd8b10cabb7c3d644f5a3780c0e230cc82d2a2dbb990def0dd6c8433b30b40aebe160a09d600e82b56850ea068469a691e94fba4c68a4fa65fdcd57c8cd7b8dca2c3a02721fe24629eeadb1717bb019f2cadcf110b0c402823420c13a57376583a107cc4c7d6bac7f12583a5b4b96ee063de9b71908954f116863a007cbe95ca1a24c191d623e95d8d09ff005888d4800d8a8d34ec8729306240f2d418fd0fca8cf0decb632fdb176dd876b5af8c15881f118264c41d85743ecaf646c5cc01ce416b92c095ca7fc275d76983d0f9d3f367441138d77752ef675c2db0491b0f731a01d7d2b5581422d80c006ca246d07d2b1d804bd8426e5cb36ee2db3e1218060a600d08d0fbd6dcbaba8b8540396413120113bd70b2a8ee74093387ff0012948e217679adb3d3f00accf7ad94a066c9218ac9cb9a080d1b4c489a2ddacc58bb89770d984209f30a01facd0cc22176eec0662da2aa8925bf088e7afeb5ddc02b1a83e84e666ade4c2384005a562c605cf1004120151042f3983eb0056e71d8b5b77ad1c39b4a8eaacc45b4477cf95bef48d279c2c086ae7781b8a8d96e66eee65d574662a08026343a9df4a39c170aa591e342c5400e3e2074660468bd46e62959d0559332329e799d0b85ddb424db5c86e05950a72c8524b66df5e9d7d683f063f7d8cffee0ff00b128f70ee137dcbdd36c2e76910554440d72cfad3705d97bf69ef3c66ef6e6610408195441d75dab8cc683033ada6a080dce30ade21eb45b0ad96e2683524cf38ca447a7b72a06a7c43d6882e20165027c322bd0e55b13361346758ec634e1c7f9dffdd5a12a3e5595ec35cffd30ff003bfea2b4c2e571b20a633a571faf53f335e64077d7d6a30f5cff001fdafc52e3decae5eed1f2e4cabe2510492c7504eb1af4a98b11726bc4a67db573a1e1b0eb274ab8f82b7714a5c45653b82246d1fa13f3acbf6478fdcc496ef2d2db0466421a4c4ecc0f3d46b4731fc76c61caaddb994b6bb1303ab40f08f5a07460db7cca6fbc3766d8500288004003a0acbe3fb6d6973040e5c120065caa48e44833ef158ffe20f1a7bb72d8c3e2ae5b5caba2dc645625dbc50bbe9106634a14c0e84992664f53d698b80000b79f12956cf325b98e6b9897b8514e72acea272162feb397c239f9d49c5710b8876c4be4ef02c2212aacaa8b01403f1aea4c13ceaa70abd9712e20b0fba194412649d048833b507c4be4c51ca80b5b660a8c3621a6090618e911b53463b6e3c099738f5fb4b182ed15cb589cd6ed2a9ee85b70c4966f02e62ce6491986603a40f3a23f68c33e1ae8baf656e076b8606576680326592594eb1d33299f0d03e2d69d31259adf77994180749235ff00daab3e29c318563d08623e94ff00895a9871c0ebed00709447994f8737dedaff00ea27fbc5772c4dedeb89a778d711883a3ac4eb0330e75d67117eb2ff00925dccb1da615730187c565c62372fb489ff00f69aedd616edbbd7aedcb9f739490bbc65820a8034d33023998ae04ec06247417fe9ded77cbf8946b656db2349cb122078bc4771ac1983e5d6a6a86ddbf9435b6b9470fdb9c2b4c8be90d1e2b1775ff10ca0f87d60f9556e33db9b766e844b572f2c497b634980441883bc6e351f2c7276995f1391ac82033a6920a9122275cc748db7ada5cb56554b302a16499569d0126044b680ed3599d761160f3f78c1887b96f807692de22d0b8cad69a72947dc1cd020f31a8d7e7142fb5388c69c55bb76ae9b3699415780433ceaa7ac48241d23e759ee0dda5c25fc535a5474cfa21700062b3234272923af4eba56278a716bd7eede172fdc2b9d942873932062a142cc00163d79d3f0e99b79b15f9f3dc1dca08ae66cbf8a17f28c29721a0ddcd0346d2de6813a09e53b18ac5711c6d8ba2da2fdd01258f773ac6800044cd56c62bae1edab1f00bb74dbd411056d86113e1d5660c6f3cea1c070dbb7b54462b204804ccb442e9e23f11d3929e95d1c58971a8b3d5f333bb31622bb9b3ecf76f530f854c1f74cc08746b99e205c768608411a06da758e55a47e27f66c359b805c7b2b6ed688a272e4500924800f94e95cd70d80b7de840730cdab1206500efb80769ad7f07ed361db2e1ae0baa74b710876215448d36035fa9a4eab1a9e545f930f4a36937c7a9a4b6c31599733774c818690758227de7e55abc3e1feed564e806dcf48d4731e5585c159b985b8152ee7b6c1f47500ce695c8776119a75ad5f12e286c6196f0b6f7485495489d635f4ae5e45e401fa4db901a9c67b6f825b38dbb6c1dc239e40b3a0662072124c0acec91a8307975f59e546bb59c5d317896c422322b2a0ca609195029db43b556e2584b4814dbb85c10732b00ae8c391009dff00635dfc44aa286eea71f291ba57170169d8401d4ed075ada701b7716daa8b60ab78d672c104e5781f88cac47fc566fb37c3eddeb856eb945810c0030c66241e5bfd2b5fc0ee00c30d88bb6fbaef8b7781848643e10a20040d1127afa566d510451f10179343b9b9e0f6eee44650c5623d6349ea0e91e54711ae1dc30fd2a8767f1661d323650e729888064ea0c7d07eb4733d71095bb9b97a9f2a11ad4b86f8819a898eb5e468d7e95ea88b13229a33abf622ec61bffc8ffb51bb98f4b61ee3b055035276113afe95c6f05c77116865b770859272c0224efca68b768f8db5dc3da42cb99c16b8aa6632b7867a49931e5e9581f4a4b7d899b175036fe52f7693b6972e365c2dc296c0d59443b1f522546de759a1c5aeeb3718963249f119eb98eb43d8c003de96db6a06e2763b56c5c4a8b404cc72316bb9ace13c76f5960e1c2a8593a025868763a72a15c638d1c45d7baf9a5db41c95408503da9bc5b88e7096934445000f38da4eb0368f5a1a96c7e2a04c6a0eeae63b3662e001e3ccd361784b5ec225d0eb36ae320332c01862088f391bd15cf10207bd67b078822d1b6acc8b9b3e8624edd2875cb972d5cceaec7599277ea1a90d8cb122fdd431902a835f9cd2e13146d622edd1f842340eabad54e136d5ef675566666d3519839265bdcf3f334db38952f70ce8e163ce5418a6f0f4c988b47e105c723a82c330110468634eb4b2b40fbafea2f21b228f99d17f88b655702880401750c489f86e13af332683f66ef8ee1073035d34d493a1d8fb527f12f8edbeec6144970eac7c8007aee4cd60b09c76f5a80ac328d948d379f5acb834cf93001f7b8472856e67507bde954f137e84e078bf796c3ec4ee3a1fe54cc462b43495c0cad463b7822c4c9e31c0bec498fbd267a78e66ba77697888b3603a139dd865017329663998e602098591e95cbefe133bbb031e263aebe745b85f1afbab787b9328e591e4caf85d7291ff00969e5a574b3620fb58735d895a7c85490dc5f463178bdc0dde06862c5b4d258992c46c4cf5a31c2bb54f71a3104b0139582e9980d994785b4d76d2283dec61e77f103d6d47ef577865cccc8e59ae0573adc5ca402b0606b3a13af99a99154af223958971463711c2a1db186ee401fbc401619b278b99194988154f8a3da16991ed04bb9b3dabab03bcb6cc010f94c3443993aec3d6af69b1ef72f32334aa185890361ac1a3cfc3edb5ab41d0332dab4b327495ce46fd58d5d940198fed00a8cae5718fd4f9322ecc719b4b6bbbbe4b1466c9299e15d466130626088f2ad358ed6e196d8b6aeca9f916db2a8d6740a046b41f8970eb2884dbb6aa4a01a1224ce877f3a11c76ca5ab83201e2032807410ab260759a495c795af9e61957c4bcd1a84388710e1a012987371e7687b6bee674f606a1e1b87b772ebe250226a1bb9466636c0224f88491a4c8989e554b89dcef30d9892af6c8d34caca72ae9cc1060d0ce0e5cdc957c8c8255a0983d0c0e7b6ba53d71d21a27f5310327fb058fe2a6daff00797ee3db53aa5c660c480aab2c0827a0217613ad16c5f113f656c31c423de50595a0c0500c6bf88083af9ed59ac2f1fc9785cc4e4b802950aa035b3b9988ea7689a5e2fc6d1ed5d7c329b46ebda42ca4a1f02b96013f02f887c3132693f1962011c7f718cca0920d998bbce4b49dfc847d0558c3e1d19189b995c6c99673687f14e9b79d49c35d55d7bdb62e236841cc0f2d4153981dbd448ad263785ae15d7116f20565042392e469e3ca4821a07533a9d2b7b381c4e464720d106679386de0a32db760ea0f855cf331cbcb7156b038f3a875571399a7e2d015de41044cf3d855cc7768eff8545c3e13f0a90140dc001741a6950dbe0b7d41bd72d1646d410c18cb6bac1de3ad29ca91f550f52b19622c8fda75eec4a27708cafde0209ce4cb193a661260c691fe1ad466ae7ffc3cef0db76b6b99410b97365cba47c246fa13ee6b6c3bdfeec7faff00e2b84e94e674d6b689f3536207e45f90aaf88bb9ba7b003f4a574f0c9dea0af4c0098898e43ad590a1c98593ca2aa514e1e0c47cff00e6a9cd0b9682cd481b0170fe1fa8fe74870e508ccba7f5cf6a38b6eae776a06d59ce7226a1a5be8cc8b13989a7b6c3dff6a2176c2e623bb200d8827c5af393fa551beb95ca91107690636e7ce9cae1a2590a7726b2351fd75a21730e1ed958823514156fb03a1a7f7cc7763f3aa6c649b12c645028892e10f8901310c27d2b59d9f7ef7188e615edc0d77d26401f8a7c53a693e958cc36aeab3bb01afad687b2a84e294f42cc4cf2ca47b992291a94fa09fb1818cf20497f88f711f14324e65401fa4eac23ce089f6ac9e5a2fda972717767f32fcb22c7d285ad374cbb7101f6105f96326b6ee174688f3229ff006eb9f989f9536dbe523407c8ea0fad1de20d69b295b684e5d7280ba40898e7bebbd4c84022c5dc622161c180ec967780624c9f4dcd1ac3e1d2e28b6577d8803329fcc0fea39d51c1bdb42ccbae652b0dae59de289e02ee459e8413e9a8fde93958f89a3020e774038bbd7adbb235d7cca483e36891cc791dc791a9f0f7ae325bf1313def53300269e9bd14e278db0cad71ad83732a448f8a084398cfe5120efa4798167112b6d9545bfbd221763a25315b728e2a2d976b1e6e3f8870fbb72f3e54241235e5b0e7d2b4981b253bc563396e305277222093ea413ef51e0533bb7fea154ab7fda256488074e7ad5e6c015b772ebdc9560591464560c581805a17a9d4ec0efb566cb92c05336e04542585c878b5d4b76fc5cf90dc99fa5669f15de5ccc4413f21a40fa014dc7df6778662d974e47cceda1f51d2aa2af880ea74f3274029b8b1055e7b959b3963c0e25ce2eeca81081a9d4fa4111eb4eecbdf6ef1aca5b171ef8c89a90cae24a95d429f147c5a69cb5ad0f07c35bc494170291a2c14ccc481974208d7d66b4dc2b87e0f098cb7f7445d5f1202a031cca40cbe2f38d4509cc0295ae666743bb78339b63ad5db58936f156fef148171084272900e84489ca6411e551e1ca1622da3491e1132da1fe55d83b47c1ec5dbddf5dc1bb3ba80487b65c1510015172274dc13cab098cc32e0adddb62c956bf306e060f6d7a2dc021c089d0f3d6ad350aca0573fc40d8d777339655bbc1a890748d46877adbe17169713b9be81edb6879794823e123a8ac8e16daaa9b8d3d144eec76ab09c498c7840ea267e555946e3f4f88d45da3eaeccf71fecff00d95a55d9918cdb78d873578d987d77f47f665eeb5e4b6a4905a48cc400620dc2758d249f4a3ad7171364d924662aecb262191738f4d540f46356bb2bc17b9b8b7183378a0b010a1620a91a89248833f8693933d6221bb99b2620afc75371d8dc4adc52ca5b4509a9d0852761110b31ef5a8aa984c1a205c8a140072a800050c64858f6f955bae60371c3a9f2c5e5125622091a53061c79d7b15f166fcc01fa6bf59a827cebd3006a65245cb630f6c119d980cb3a092491a0f2f5a68c495639090394c131e74dc49f19f45fa28a88341f299aa02c73213478841388bff87e54dc463ee32eadb74d29106836f85bf5a6dd20c0f251f51341b56fa8e2edb7b95ee5e69f88fccd46cc49d492696f801980da69829a00886249e63853f353057855c19e0fe29f39a33c2618ba662a580889049560e61b9180683042791ad37675402c67901faffc7ce919cd2dc341cccfe2998dc6ef096798627724787f6a9709875770b3133f4527f6a4e227ef0b47c40347991a8f9834ec03c39206c974fcad3d173b38f52c56e88e54106acadc56100c98a15989deace01e1bd04d464e2e1a64faaa14b7c1c8b62e093224ec07b49abb80b64ca91a111efa9dfe555071607a7fe464fa0d205137c4b8198a47864121e0889910b074d6b2317e9a6d418c72a666b88c1b840db6fdff007af5ab6ddda429d2e313a7927f2ad7701e07deda170c02ece4c8dbc6c23ca228ca767c2ec57eb44da955fa7d452e999beabee06e1162d07374ab66235e84787423a784694716d2361ee5b2356075ea06c7e522bdfd8ce36714f4e16f105b7ac4eeac6ee6e440054e718c40971d41900c03cf61bd4f82c5ad9605b9bdb2440272add4731cc7c3effa47c72ce4ba62496f13083e1624923f4a16558992adf235d3450ca2e73f23952540e668f8876917ed46ee1d1510800865d1b996651ce75d35d28f3f18c4b2ac2e1aedb82c08ef32fc406a246b33cb91ae7a5186a411ea0d19ece0bac595092b94f87975240feb7a0cb85000478838dcb351f30a1ed384bb98e0b082e26cc3bc520e83439bccfd69fc5bb5f72fa9b772cda1d219a67fc24c8a0dc5b87b026e1e6751acc92050b6b84f203d00156b891a8d4a6764244b78abf9805ca572ebab4f96d035f3a55c50e75494d35a9c318aa8939189b30fe0312cd717bb3a0521a77ca48cc27d26b73d8fed3df636fbc22e20cd0254150b2cb272ec2601e51a9e75cd785e33bb2f23e2b6e079314214fcff005a82d39532a483e559b369864047ed08b9a1467d4385c525c1287481e5bf2835317037207b8af9997895c2fde1639b4d79e8001fa53b17c45ee197624f9d631a07f2633e4128324a26bb661ed33fbd446d79d58758445e67369cf7a843c107cc57585c4711f8a4f19f335562af62ae78cc46b975f2aaac62440e7acd5a9e24602e4897e22a367fe8536da927413e55e661c8455d095b8d4406905780a920489daae0c4514eb4e46a2914ea7dff004ab7c292d92dde44469342e685cb51cc68b848f3a2fc0da1de768150ddb76b2c2911e5bd330b01c8e51cff00e6b339dca4472d83cc5e3f8605c382068447bccfcc9aa584b305a79daba473ff00e19daac71770720046c4fd607e869782b7de00da80a7d3e161fa1344a48c72c805e56c16111ae1b664900fcc0d47a8fd8d41831bfa54dc2a56ea31dc9e7cf3083fad330ed249d351ca99cf30057123b3681264e9ad1bfb65c64c9debc01004e82368142f0d601009e7fce897f66244f787f7a0c856f98ec4ad46a3786710ba96c2adc7582749e79893f526ad3714bdcef5cf9d52c2e014824bb68cc3a6cc40356adf0f48925be8694db2c9fea3137ed03fb8f1c5ef8daebfce9adc6f13fdf3fd29dfd9c87f11fa534f0e4fcc7e9403e3f5fc422327fe325c5e2583004c9640c4903f2cfcc99a16d8e69018c82403b48f311d288626c82d32672011ff0088dbfae7549b8708f13453136d7305cbdf11bc59da4a1d95500f42031fac9a8f0f8a7b4a1ad920ed20c69ce9fc4edcf8e64b041f402ab48c8073933d298a06d02289218c9b11c66f38019da3329e5b8208fa8aa2c234a9fecf9a0cc4903fa1567fb3411f19f714c0557a8b2acddc19315e2f3c852dc420953b8af0b4dc813ec68f88ba33c29c2bddd19d8fcaaedbe1b7489169c8f253fca819d476612a31e84a8b4e2b574f07bc35eede3fca7f9542f867060ab0f22a47ed423229e8c338d87622626e90ede6a04fb935458d58b8d26a164a628a1144dc5be751fe55fd292e0d49af3998f2115e8ab1219eb4f94d236f3e74a452454923838823ce984d3c2d232d492a345488a452804c7974a9c21a12d2c2c721f2a91afc9350c75a79b608e54040862e438f32cbe48bfa4fef56b84dd5ef1148825800479e9ad33ba2752b274e7d0454966d432b0400820efd0cd4246da96a086b8cb4e015901b29041f420e9fca9c982876d465931e93a47b5584c279c795584c14f5aaf91442f898caf6ed2211ab181b69edad4c8d3a8ab230a0449f2a56c003b18a4b64531c98d944a56b49d7733f3a9d5c9e953af0de598d59b7c31c6c41fa50175f71caac3a1283b1ea3e5503bd681385311b2cf9eb503f02327463e636a1f9125ec6300ddbb27d87d001fb540ce6b44fc0c4fc3707b7fc534f021f95ff00af6a2195041385cccc626e9214748fd491504b4cf3ad53f05b67756f99a88f025fccff004fe54c5d420112da5726e67ee62199f3f841803440069e4349a9b11897603fed8f35583efca8b7fd3e3fbc3fe9ff009ab983e0d6d410de2f3da3eb51b52804b5d2e4268cc86462d1ceb5fd9cc2b2a12cc1b311020c0811d3fa8ab585e116d09235911aebfb55fb78455f8540f6acd9f541d7689a70690a35995f89f0e0d6ee5d2501b76ae18e6df0b083ca32fd6b58bc3f41e0e5ca83e1f079b4ca0cf2234ad4dbba60023dc56563bd403e21e4b46b5f3065cc2882ba8f7dbde9f6ad8020856f3983ef57ae5a2db9aaed8723a1f7a432912d5f77738617a4cf5ee54daf4d38b240de5499c74a5b54c3bd54b8f0e3a53bbcf2a8a92a549725372bc1c74a8ebd52a4b9653111caa4fb60e6bf5aa62bd425049bc8969b12bd0d22e2473155abd55b04bde6115c42f214ab8b1d286d2d56c10fe4309af111f94d585e2cbf94d04a7d51c4b2c67610ea7175fca6bc78b5be6a68325252fe058cf9da1e5e3683f0b558b7da151f85be9fceb34d48b53e0593f10d359ff5328d811f2fe74f1da8feb2ff00cd64577a9936343f02c219da699fb4ef1e1c8de50cbf5eb5e4ed3a955cc1b346bb44f9565d6a3157f02c832b03352dc7ed9e4df214a38f5ae7987b5656bd41f87486352e26b3fb6acf53fe9a90717b07993ed5906a7a6f50e91210d63cd7a71bb4399f9548bda0b5e7f2ac82d7a95f8648cfc4bcdd61fb4b6bf3c1f434413b4f686f73e95ccc7c4695f6a2fc1afb8bf989ee751ffab30dcee0f91fe548dda8c31dae8f91ae54d520fdaace897dc1198dcfffd9, 'esprit');

-- --------------------------------------------------------

--
-- Table structure for table `tasks`
--

DROP TABLE IF EXISTS `tasks`;
CREATE TABLE IF NOT EXISTS `tasks` (
  `id` int NOT NULL AUTO_INCREMENT,
  `role` varchar(30) DEFAULT NULL,
  `created_at` timestamp NOT NULL DEFAULT CURRENT_TIMESTAMP,
  `updated_at` timestamp NOT NULL DEFAULT CURRENT_TIMESTAMP ON UPDATE CURRENT_TIMESTAMP,
  PRIMARY KEY (`id`)
) ENGINE=MyISAM AUTO_INCREMENT=10 DEFAULT CHARSET=latin1;

--
-- Dumping data for table `tasks`
--

INSERT INTO `tasks` (`id`, `role`, `created_at`) VALUES
(7, 'User Only', '2021-05-15 15:14:51'),
(1, 'Admin', '2021-05-15 14:14:37'),
(2, 'Livraison', '2021-05-15 14:15:32'),
(3, 'Restaurant', '2021-05-15 14:15:48'),
(4, 'Commandes', '2021-05-15 14:15:48'),
(5, 'Reservation', '2021-05-15 14:15:48');

-- --------------------------------------------------------

--
-- Table structure for table `users`
--

DROP TABLE IF EXISTS `users`;
CREATE TABLE IF NOT EXISTS `users` (
  `id` int NOT NULL AUTO_INCREMENT,
  `name` varchar(255) DEFAULT NULL,
  `username` varchar(255) DEFAULT NULL,
  `email` varchar(255) DEFAULT NULL,
  `password` varchar(255) DEFAULT NULL,
  `mobile` varchar(25) DEFAULT NULL,
  `roleid` tinyint DEFAULT NULL,
  `isActive` tinyint DEFAULT '0',
  `created_at` timestamp NOT NULL DEFAULT CURRENT_TIMESTAMP,
  `updated_at` timestamp NOT NULL DEFAULT CURRENT_TIMESTAMP,
  PRIMARY KEY (`id`)
) ENGINE=MyISAM AUTO_INCREMENT=64 DEFAULT CHARSET=latin1;

--
-- Dumping data for table `users`
--

INSERT INTO `users` (`id`, `name`, `username`, `email`, `password`, `mobile`, `roleid`, `isActive`, `created_at`, `updated_at`) VALUES
(62, 'cat', 'cat', 'cat@gmail.com', 'b3a8e33ce79031a7d46296db52717c5318157947', '77777777', 9, 0, '2021-05-19 07:56:26', '2021-05-19 07:56:26'),
(63, 'avis', 'avis', 'avi@gmail.com', 'bbc30acbf1fb533a0e83de62d135de324ac7b5ca', '88888888', 10, 0, '2021-05-19 07:57:09', '2021-05-19 07:57:09'),
(58, 'cmd', 'cmd', 'cmd@gmail.com', 'ee8bf1b2b310beeda73c47652926a0566b28b661', '33333333', 4, 0, '2021-05-19 07:53:24', '2021-05-19 07:53:24'),
(59, 'reserv', 'reserv', 'resv@gmail.com', '0746842fc695464b0963f3cc44715b97f6efa980', '44444444', 5, 0, '2021-05-19 07:54:29', '2021-05-19 07:54:29'),
(60, 'prod', 'prod', 'pro@gmail.com', '72e70e643e3bcf6967e9dc729ddce4700f4d9558', '55555555', 7, 0, '2021-05-19 07:55:15', '2021-05-19 07:55:15'),
(32, 'Amin', 'AMG9980', 'gharbiamine2018@gmail.com', '400130cd068047bf36b0ba330b6d2dc761f2cef2', '92775101', 1, 0, '2021-04-27 20:17:41', '2021-04-27 20:17:41'),
(61, 'comt', 'comt', 'comt@gmail.com', 'd9cc7b410b016daa5e85ce5f7ceed6aad7198fac', '66666666', 8, 0, '2021-05-19 07:55:59', '2021-05-19 07:55:59'),
(56, 'liv', 'liv', 'liv@gmail.com', '117044f2b5038c27ca2332c33ea0a4b24740a2f8', '11111111', 2, 0, '2021-05-19 07:52:25', '2021-05-19 07:52:25'),
(57, 'rest', 'rest', 'rest@gmail.com', '9931f190ddc3f161ccba2221bc77ed9b5d398a16', '22222222', 3, 0, '2021-05-19 07:52:59', '2021-05-19 07:52:59');
COMMIT;

/*!40101 SET CHARACTER_SET_CLIENT=@OLD_CHARACTER_SET_CLIENT */;
/*!40101 SET CHARACTER_SET_RESULTS=@OLD_CHARACTER_SET_RESULTS */;
/*!40101 SET COLLATION_CONNECTION=@OLD_COLLATION_CONNECTION */;
